reviewId,userName,userImage,content,score,thumbsUpCount,reviewCreatedVersion,at,replyContent,repliedAt,appVersion,sortOrder,appId
4b378487-7b9c-45e6-8d39-8e2c4bd3fb03,Rahoof Ali Mohammad,https://play-lh.googleusercontent.com/a-/ALV-UjUSxMN2LORpwM-Jhm4qUAZakHRDsCKFg_a44hMN_47pNV1aXWqfFw,"I had the worst experience with Splash's online purchase. I ordered an item and chose the pick-up option. Before placing the order, it showed that the item would be available within a day. However, it has been three days, and I still haven’t received my order, even though I have already made the payment.",1,0,8.69,2024-12-30 11:42:09,"Hi,
Sorry to hear that! We request that you please help us with your order/shipment number at support@SplashFashions.com We will get back to you at the earliest.",2024-12-30 15:23:50,8.69,most_relevant,com.landmarkgroup.splashfashions
92348131-be72-4d0d-bcfb-1ba35754af26,Ivan,https://play-lh.googleusercontent.com/a/ACg8ocILD7GC9optekI1WmChwFaGmI3-a8hsHdn74LeMb-UwMJ5J5IQ=mo,"In my over 20 years of shopping experience, I can truly say that only cheap, low quality brands are the ones charging their customers for a shopping bag w/their brand on it, while expensive, trusted, high quality brands may only ask their customers to pay for shopping bags when they ask for extra, which is reasonable. ""Why is this?"", you may ask. Well, it's simply because cheap brands can't afford to pay for effective brand ambassadors, ie, their loyal customers. A shopping bag is an ad actually",1,6,8.59,2024-11-17 02:33:51,We are really sorry you feel this way. Please tell us more about your experience at support@SplashFashions.com and we will help you in the best possible manner.,2024-11-17 15:02:24,8.59,most_relevant,com.landmarkgroup.splashfashions
6a75e229-e41f-4e3a-8c7d-2afecc19e0b7,Munthasarulla Baig,https://play-lh.googleusercontent.com/a/ACg8ocKBE5oBxcoQBmUxz85fvcXJyZ3mxx0aJLaTUSd6qHtVr-Tlpw=mo,Never buy from Splash online platform if you need the product soon. They offer next day delivery and it never gets delivered on time and they don't have cancellation option to cancel the items to get the refund. Delivery partner and support team is of Zero help they only tell you one thing as mentioned in there script that they will escalate it to concern department that's it. No further info will be available. So if you truly need of something urgent or to gift don't trust splash platform.,1,5,8.59,2024-12-03 00:26:38,We apologize for the disappointment. Please share the order details with us at support@SplashFashions.com We will get in touch with you and do the needful. Thanks.,2024-12-04 16:56:00,8.59,most_relevant,com.landmarkgroup.splashfashions
b49a3b4d-cf0d-4cd8-80b5-668ba9bbb36b,Santosh Tiwari,https://play-lh.googleusercontent.com/a-/ALV-UjXazjudljcI82G3lmHIjhVwj2Vi_asUrBHY2Er_7q1jc7wMakq0aA,I had a very bitter experience with Center point return process I had return the product and sent video also but rather investigating where the product is they are just blaming me that we had received different product. But the same product was returned and there is nobody to tk responsibility to find out root cause. Really disappointed by the service of center point or Splash . Or it's a New Scam don't know.,1,5,8.59,2024-11-17 18:56:36,"Hi,
Sorry to hear that! We request that you please help us with your order/shipment number at support@SplashFashions.com We will get back to you at the earliest.",2024-11-21 18:41:08,8.59,most_relevant,com.landmarkgroup.splashfashions
bb89222a-f086-4a9f-94b4-40ba9f822db0,Nithin Kamal A,https://play-lh.googleusercontent.com/a-/ALV-UjU0N75LSqHs8ZiEgr7O36D-c_VDbI8Goy41rVnJG9z5EC5SKhZ8,"4 hours still waiting for my shopping cart to open inside the app, update app UI but don't sacrifice key functions for that",1,0,8.69,2025-01-01 17:42:21,,,8.69,most_relevant,com.landmarkgroup.splashfashions
6bfc0148-dda0-4bed-8b41-cbca6d263e75,Ash Alansari,https://play-lh.googleusercontent.com/a-/ALV-UjW1vNmEUaFGDI1f1ea2SFa95rC6nZGyztHiFyRP0nE45rDZAlM,The listings keep loading and loading and never do. How are we supposed to shop like this? I'm not going to buy things blindly I need to see info. It never did this before.,1,1,8.59,2024-12-01 17:11:54,"Hi, we are sorry to hear that. Do share the screenshot of the error page at support@SplashFashions.com to enable us to assist you further.",2024-12-04 16:55:36,8.59,most_relevant,com.landmarkgroup.splashfashions
2fb788e0-8788-4788-afb3-9c80415af6d1,Bibin Joseph,https://play-lh.googleusercontent.com/a-/ALV-UjXMcTmMbxin3RencjxR7AF91WzSV2739eZL_CIpO-KkvrD3OFqf,The worst shopping app I ever used. Have a lots of glitches and errors.,1,0,8.69,2025-01-01 20:06:22,,,8.69,most_relevant,com.landmarkgroup.splashfashions
105bf6ad-ed29-4b64-9a3d-0abb4ace5664,ARJUN A,https://play-lh.googleusercontent.com/a-/ALV-UjXMGcibyRUgYPhqqobd0a0Yj0roXhQVO0-mP6SujQPrA1FSsXPL,UI could be updated and some product information are missing. Standardizing those will give users a better experience.,4,25,8.59,2024-11-02 04:04:36,"Dear User, Thank you for your suggestions. We will try and incorporate them upcoming versions.",2024-11-03 16:43:18,8.59,most_relevant,com.landmarkgroup.splashfashions
14013c76-16fb-49f9-93aa-bbe38bbdcd68,Noah Marimacho,https://play-lh.googleusercontent.com/a/ACg8ocKxN7zJIFvtaTPULjvYgDbYDzNwEnbmWTkvzqKUqIhduBI-AOc=mo,"i cannot sign in or sign up in splash, max and centerpoint. what happened to your mobile app?",1,1,8.59,2024-11-20 08:55:05,"Hi, we are sorry to hear that. Do share the screenshot of the error page at support@SplashFashions.com to enable us to assist you further.",2024-11-21 18:41:52,8.59,most_relevant,com.landmarkgroup.splashfashions
52310382-0faa-427b-8aaf-2df1a486a928,Amr ElBahloul,https://play-lh.googleusercontent.com/a-/ALV-UjVterwrBgKl3T67hNwu3TOlO28rsPJUPxPuZDUGBCiPKzCBSNxe,"whenever I click an item, the screen is somehow grayed,. and add to basket keeps loading",1,6,8.59,2024-10-25 23:54:24,"Hi, we are sorry to hear that. Do share the screenshot of the error page at support@SplashFashions.com to enable us to assist you further.",2024-10-27 14:16:26,8.59,most_relevant,com.landmarkgroup.splashfashions
fdca8433-1cca-4f96-8384-84e17cb8fdca,Abdurahmon Rahimov,https://play-lh.googleusercontent.com/a-/ALV-UjVoPNkgY3t75SmTIQFJUSuCf8KZEKmaHXwIu4Svm-VgvY-xMilH,"Sometimes it works very bad. Mostly I go through down, I enter and see how is item. And then when I go out it goes to the first automatically. It can irritate customers. Secondly I wanted to return item and it is hard to find something which you want. The problem is the words and and places which you used are different than others and it can be cause to confuse consumers.",3,137,7.0,2020-07-13 06:56:53,"Hi, please share the details of your issue at support@splashfashions.com  so that we can look into it & assist you in the best possible way.",2020-07-23 22:17:25,7.0,most_relevant,com.landmarkgroup.splashfashions
5e049715-c72d-496b-8fd5-a9a9a85d126e,ASHWIN ANAND,https://play-lh.googleusercontent.com/a/ACg8ocKpUHB28Dxu62Xugquw0vO5XohVbFRw1Od26odNh8L7o25NLg=mo,"Pathetic app. The delivery time mentioned is never met. The offers and discounts related to bank cards are a scam. The only thing worse than the app is their customer service. After the call, when asked to rate the call, anything less than a 5 is returned with ""The system is facing technical difficulties"". Extremely disappointed.",1,65,8.19,2023-11-22 00:01:39,We apologize for the disappointment. Please share the order details with us at support@splashfashions.com. We will get in touch with you and do the needful. Thanks.,2023-11-22 00:55:26,8.19,most_relevant,com.landmarkgroup.splashfashions
24beafbf-4b14-48f9-b553-775c82f1f169,Priya Surya,https://play-lh.googleusercontent.com/a/ACg8ocISReMebjKf9O5fdOY8MZyMJz_Ut5c0GmhoyLubd4f5W4Xj7EHF=mo,"I have came back to change my review after placing an order successfully. Thanks for offering me free shipping+COD. I really struggled to use my card. The app definelty needs a lot of improvement. However I found everything I really needed and the exact size. The size description is very appropriate. On emailing, the spalsh team responded really well. Haven't tried returns though...",4,77,7.5,2020-11-18 08:42:48,,,7.5,most_relevant,com.landmarkgroup.splashfashions
a8a0c4b8-6ec0-43a0-85c3-f2e2bf4b6349,A Google user,https://play-lh.googleusercontent.com/EGemoI2NTXmTsBVtJqk8jxF9rh8ApRWfsIMQSt2uE4OcpQqbFu7f7NbTK05lx80nuSijCz7sc3a277R67g,"Out of the few items purchased from splash app, one of them was damaged and in a worn out condition with stains. The other one was completely different from the image shown on the model. The customer service agents were confused about the return policy, due to which I had to place several calls.My question is instead of making your customers go through so much hassle shouldn't you have checked the items before shipping.Horrible customer service. And very disappointing clothes.",2,26,6.24,2019-11-23 23:03:15,"Hi,
Please accept our sincere apology. We are very sorry to know about your experience with us. Please let us know your order number at support@centrepointstores.com and we promise to get this resolved quickly.",2020-01-12 15:14:24,6.24,most_relevant,com.landmarkgroup.splashfashions
f0bb3d75-a53f-4958-97f6-f195bf80e086,Petty Nasra,https://play-lh.googleusercontent.com/a-/ALV-UjXhYlT8eKHEHJEWY1tClwOs4xVbCErd47orvZIvKW3OTc5pxp9QeA,"I really not satisfied with the return and refund process. I have been waiting for the refund but until now no update.They still not pick up the items. Then, surprisingly they said they have lost my contact details! That's really weird because my contact details are all in Splash accounts. I requested my refund on 20 November last month.Based on the policy, it will take 10 days but now it's more than 10 days. My first experience with the Splash.Really dissapointed!",1,61,7.5,2020-12-05 17:39:28,"Hi, Sorry to hear that! We request that you please help us with your order/shipment number at support@splashfashions.com. We will get back to you at the earliest.",2020-12-05 21:51:38,7.5,most_relevant,com.landmarkgroup.splashfashions
44db230d-d830-4ca2-9974-273bb0da4be1,Rezk Bedier,https://play-lh.googleusercontent.com/a/ACg8ocI_3KaXEoP-J2Cxf_9UZQjNYeq2qqpvk9uLmrUOkXnq5UsUiw=mo,This is the worst customer service ever. Item from the order been cancelled without any notification and when I called they said that the item is not available. However it is still showing available in the app. And then I have to wait for my refund which will take 14 days to get the money back to my credit card.Customer services really they don't care.,1,42,7.8,2021-02-03 15:07:13,"Hi Rezk,We apologize for the disappointment. Please share the order details with us at support@centrepointstores.com. We will get in touch with you and do the needful. Thanks.",2021-02-03 19:11:48,7.8,most_relevant,com.landmarkgroup.splashfashions
829f458f-6b8f-4e4a-a967-c9673253560f,Liako Giromi,https://play-lh.googleusercontent.com/a/ACg8ocJH_3nfe7iL6ubLDvizoADYudwmDvK3hpyXBSMQJiFSdtR-cw=mo,"Terrible UX. Too slow. Everything you press brings up ""Please wait"" loading. Spent hours browsing when it could've taken me minutes because it's so slow and unresponsive and keeps forgetting my sort and filter preferences every few minutes. I also spent hours trying to make a purchase that should take 5 minutes. I'd rather use the website on desktop. Terrible, terrible app... Edit for reply: RARE? HAVE YOU EVEN READ THE OTHER REVIEWS ON THIS APP? Jeez.",1,42,7.51,2022-11-17 11:20:00,"Hey, thanks for writing a review. Sometimes, the app may be slow but such instances are rare. If it happens too often, please let us know at support@splashfashions.com. We'll have things investigated.",2022-11-17 11:04:36,7.51,most_relevant,com.landmarkgroup.splashfashions
3f2564a1-0725-4460-9fc6-6a23b95ae3df,A Google user,https://play-lh.googleusercontent.com/EGemoI2NTXmTsBVtJqk8jxF9rh8ApRWfsIMQSt2uE4OcpQqbFu7f7NbTK05lx80nuSijCz7sc3a277R67g,"I won't even give it a one star, since I've never got to use it. Complaints to the customer service have only yielded in answeres telling me to download the app again and ""we are working on the problem"" what's the point of sending me voucher codes etc. And discounts if you can't even make the app work properly. Poor service! And disappointing.",1,69,6.24,2019-12-16 16:15:31,"Hi, we apologize for this. Please send us your concern at support@splashfashions.com along with the screenshot of the error you receive. This will be handled with utmost priority.",2020-01-10 00:51:35,6.24,most_relevant,com.landmarkgroup.splashfashions
c33e7ee0-1686-47cc-b7d5-af2edd84beac,hiba alhaj,https://play-lh.googleusercontent.com/a-/ALV-UjUBFVlZjMGxWxedxABnjUVBvuFGhjdTXlSKAh-VsscWN8cc9x0,"Sign in is a nightmare! I always have to sign in multiple times and it's never successful even though I'm 100% sure of my password and account and when I reset my password and try to sign in right after, it also doesn't work. Makes shopping with splash a nightmare and I really hate doing it. It's been this way for as long as I remember (more than 2 years maybe!!)",1,43,7.51,2022-11-16 19:14:23,"Oh no! We sincerely apologize for the troubles you've had with the app. We'd be happy to take a look into this for you, please contact us at support@splashfashions.com. Thank you.",2022-11-17 11:05:14,7.51,most_relevant,com.landmarkgroup.splashfashions
0721a8f4-43b4-466c-a85c-7976440e0783,Mioara Catana,https://play-lh.googleusercontent.com/a/ACg8ocKux13yJU_WvKWl0T1IPEQP32-8HkLqmYhxCpASgBwXXUofuA=mo,The app is not bad but yes it restarts a lot. Now what really makes me angry sometimes are the items itself and the materials. A lot of polyester in plus sizes and imitating expensive materials such as lace is not appropriate. It makes the garments look cheap and it's obvious is not the right thing there. If you want to keep yourself safe use more cotton and viscose instade of so much artificial materials and push the designs (even if you inspire yourself from big fashion houses!!!),4,110,7.43,2022-05-19 15:40:23,"Hi Mioara, thanks for writing a review. Sometimes, the app may be slow but such instances are rare. If it happens too often, please let us know at support@splashfashions.com. We'll have things investigated.",2022-05-24 16:11:49,7.43,most_relevant,com.landmarkgroup.splashfashions
3b0963ea-7616-4e86-b0f6-221d3756d3b7,A Google user,https://play-lh.googleusercontent.com/EGemoI2NTXmTsBVtJqk8jxF9rh8ApRWfsIMQSt2uE4OcpQqbFu7f7NbTK05lx80nuSijCz7sc3a277R67g,"I am facing a problem with the app, Everytime tried to press any offer/option the app sending me back to the home page after refreshing !!! I used to use your app and made purchases many times and it was not bad. Today again there is an issue and last time I faced the same, I thought the app needed update or something but still same problem. SOLVE THIS PROBLEM IMMEDIATELY PLEASE",1,83,6.24,2019-12-02 17:12:11,"Please clear the data and cache for your app by going to your phone settings. This should resolve your issue. In case you are still facing the problem, please contact us at support@centrepointstores.com with your contact details and relevant screenshots.",2020-01-12 15:03:53,6.24,most_relevant,com.landmarkgroup.splashfashions
1647640c-d8b2-4433-ad4f-29c3667149f3,sanjeev sehgal,https://play-lh.googleusercontent.com/a/ACg8ocI-nxfht0BIb7atd_aqBv2BhoSgmqbP5BRbGFub7_eDDXa0rQ=mo,"Hi, I will give it 4 star. The app is good, it just takes sometime to understand how to find specific items. Team can work towards the slow response of the app, which is the only issue i see in my opinion. Rest everything is good. Products are very well placed and offer/ sale prices are very good. One place to find all offers. No need to go different stores to find one dress. I like shopping here, the most imp thing is delivery, very next day. Pick up or home delivery both are quick. That it.",4,63,7.35,2022-04-30 09:58:44,"Dear User, Thank you for your suggestions. We will try and incorporate them upcoming versions.",2022-04-30 18:03:50,7.35,most_relevant,com.landmarkgroup.splashfashions
391d415d-df58-4c9d-a2cf-c9ebff0f0b43,Mazeen Muhammed,https://play-lh.googleusercontent.com/a-/ALV-UjWEZotwM1FIOzyON5lp4yM0-e8dRr-u_MTFUtlWgRtfkOuylP8,"2 improvement points. 1. When you hit back after opening a product, it just keeps loading. Have to click twice. 2. If i select a product say hoodie, i also want to see the option of the trouser that goes along with it. So that if i want to buy that hoodie I can then navigate to the trouser that the model was wearing.",4,57,7.51,2022-11-16 15:44:07,,,7.51,most_relevant,com.landmarkgroup.splashfashions
c4a7d8c4-2bb3-40d3-b75d-358ddab07525,A Google user,https://play-lh.googleusercontent.com/EGemoI2NTXmTsBVtJqk8jxF9rh8ApRWfsIMQSt2uE4OcpQqbFu7f7NbTK05lx80nuSijCz7sc3a277R67g,I have been using this app for some time and had been enjoying the online purchasing and opt out the click and collect option for the delivery. However now it has changed the collection points to limited areas which is inconvenient for me. Only several areas are chosen as collection points unlike before there was various malls were included as collection points. I hope the changes are revised to serve the customer better or else it is going to lose a customer.,1,62,6.14,2019-05-20 06:01:44,"Hi Fauziah, we thank you for your feedback. Can you please share with us more details about this concern?",2019-05-20 14:04:44,6.14,most_relevant,com.landmarkgroup.splashfashions
12edfe84-b727-4497-9ac1-66e2c2a2dcdc,A Google user,https://play-lh.googleusercontent.com/EGemoI2NTXmTsBVtJqk8jxF9rh8ApRWfsIMQSt2uE4OcpQqbFu7f7NbTK05lx80nuSijCz7sc3a277R67g,"It's not working after the upgrade. It's freeze on first page. Can't see the search option. Uninstalling it! Support team, I have shared my details - but your robotic answering team asking same question ""Dear customer, Thank you for getting in touch with us. Please provide us with more details about your inquiry so we can further assist you. We look forward to hearing from you. Your friends, The Splash Support Team""",1,6,6.15,2019-06-16 01:40:32,We are sorry about this Anu. It would be helpful if you share the requested details in order for us to assist you.,2019-06-17 13:13:59,6.15,most_relevant,com.landmarkgroup.splashfashions
aa359409-128b-4462-bd40-bd1c0e7d7e03,A Google user,https://play-lh.googleusercontent.com/EGemoI2NTXmTsBVtJqk8jxF9rh8ApRWfsIMQSt2uE4OcpQqbFu7f7NbTK05lx80nuSijCz7sc3a277R67g,"Very convenient to buy and the price is absolutely great! However, when I am about to pay through card, it failed several times. So, I have to go to COD. Another thing, they give me a promo code but it doesn't apply to my order.",3,32,6.10,2019-01-03 16:52:14,"Hi Romel, we are sorry for this experience. We suggest that you uninstall and reinstall the app to resolve the issue.",2019-01-03 17:29:27,6.10,most_relevant,com.landmarkgroup.splashfashions
68a5309c-cf8b-4fe5-a2ef-5174e2d11c1b,A Google user,https://play-lh.googleusercontent.com/EGemoI2NTXmTsBVtJqk8jxF9rh8ApRWfsIMQSt2uE4OcpQqbFu7f7NbTK05lx80nuSijCz7sc3a277R67g,Nice app. but needs to widen the collection to include all in-store items. Also still missing some options to make it easier like not to take you to check out option whenever you add an item. I don't like the 15 items max. order. Also Shukran caridit is not updated at all no matter how many orders you have made!!,4,43,6.10,2019-01-17 22:50:57,,,6.10,most_relevant,com.landmarkgroup.splashfashions
5b96d9ff-0ef9-4889-a67d-adac3c2e14fc,Hazim Usama,https://play-lh.googleusercontent.com/a-/ALV-UjV8qQ9Rckzt3qcWFHbnXd6tC-gv-HhMIaXHRsElDSMUUbxbUkg,"Worst service I've ever dealt with Worst customer service Worst delivery (never got any of the things i ordered) After waiting for my order to arrive for a week and after saying it was out for deliver, my order got cancelled I called to ask why it was cancelled no one helped me and said there's nothing they could do Worst experience with an app ever I'm never shopping from this app again.",1,12,7.13,2021-06-11 16:43:00,"Hi,
Please accept our sincere apology. We are very sorry to know about your experience with us. Please let us know your order number at support@splashfashions.com and we promise to get this resolved quickly.",2021-06-15 15:52:11,7.13,most_relevant,com.landmarkgroup.splashfashions
70d8383d-3755-4008-bfd0-efde4ab06c2d,A Google user,https://play-lh.googleusercontent.com/EGemoI2NTXmTsBVtJqk8jxF9rh8ApRWfsIMQSt2uE4OcpQqbFu7f7NbTK05lx80nuSijCz7sc3a277R67g,"I placed an order ""click and collect"" and it has been 12 days team is unable to deliver the product i bought at their store for pick up. There is lot of communication back and forth but no solution. They are neither cancelling the order nor delivering the goods. I wish, i could give them negative ratings.",1,18,6.24,2019-12-06 04:24:27,"Hi,
Sorry to hear that! We request that you please help us with your order/shipment number at support@centrepointstores.com. We will get back to you at the earliest.",2020-01-12 15:00:56,6.24,most_relevant,com.landmarkgroup.splashfashions
54a4ea19-79e4-4a28-829d-2cea8b12b925,A Google user,https://play-lh.googleusercontent.com/EGemoI2NTXmTsBVtJqk8jxF9rh8ApRWfsIMQSt2uE4OcpQqbFu7f7NbTK05lx80nuSijCz7sc3a277R67g,"the application won't load anything, just stuck on loading icon. fix it please update:- problem still exists even after reinstalling the application/ my phone Huawei Nova 3, and yes my system updated to the last version. and bybthr way the application was working fine before few days/ update: i don't have user ID to give you, and i can't access center point app and shoemart app as well, i think you are all connected in the same server",1,46,6.14,2019-05-15 14:55:48,Can you please share with us your user ID?,2019-05-12 10:51:23,6.14,most_relevant,com.landmarkgroup.splashfashions
b3d50608-ed4a-4c5a-8ad9-b45998bc4cc7,Vivek Balaney,https://play-lh.googleusercontent.com/a-/ALV-UjUEMx3yuQRC8kSISgIEKaueTtkH8xoc4rmxw8A7sHOAKsp7P2L-sQ,"Sadly ordered many times as deals are better than offline. But the expereience is the same, old, laggy, counter intuitive, draggy, slow application. Will change review once it works better. Love the brand and ppl behind in but in 2022 we gotta make online convenient. Writing it here to open some eyes and let the responsibe be more responsible.",1,33,7.47,2022-09-20 10:07:28,,,7.47,most_relevant,com.landmarkgroup.splashfashions
eac773e0-2c54-4f88-a010-fff8be1e65be,A Google user,https://play-lh.googleusercontent.com/EGemoI2NTXmTsBVtJqk8jxF9rh8ApRWfsIMQSt2uE4OcpQqbFu7f7NbTK05lx80nuSijCz7sc3a277R67g,"Worst app.. booked and confirmed .. after may 4-5 hours it sends you email that order is cancelled.. and if you browse the products again.. it still shows the item is available.. With me within the past 2 days it has happened more than 10 times and across your apps of splash,max,centrepoint",1,23,6.10,2019-01-08 23:56:44,"Hi Atif, we are sorry for this experience. Please share with us the order ID to help you check on this.",2019-01-09 12:36:48,6.10,most_relevant,com.landmarkgroup.splashfashions
a79078cd-c15c-4f94-979a-90fd0ff61a70,Michelle Rademeyer,https://play-lh.googleusercontent.com/a/ACg8ocJ3j_7tr65Dl8qZdZnHjBEj8iD2nIGaA29w7XgOyB9H1eLFGA=mo,Terrible online experience!! Placed an order online. The amount have been deducted from my account. Now I have received an email to say that my order have not been processed and that there was no amount taken. But the deduction have gone through. This is absolutely horrible. No one is getting back to me regarding the payment made and the fact that I will not get my order. Worst Worst Online Experience Ever 😡😡😡😡,1,137,7.35,2022-03-11 22:40:11,"Dear User,
We apologize for the issue. Could you please share your order ID at support@centrepointstores.com so that we can check the issue.",2022-03-13 18:47:38,7.35,most_relevant,com.landmarkgroup.splashfashions
9706cde7-edc8-4ec2-878a-448c827d0926,Rachel Sharman,https://play-lh.googleusercontent.com/a/ACg8ocJpEZR9M3e1hvzWZ-M00nLv9swAgHsfwT37uI_kaPtYfSR9Fw=mo,The order delivery is taking forever. Click and collect in other platforms takes hardly 3 days maximum. I asked for click and collect so that I could get the outfits earlier than home delivery.I placed my order on 22.7.21. Today 27.7.21. Still the app doesn't show any change in status from order placed.. even processing is not updated. I suggest that they should provide the delivery date and adhere to the date. This seems like a forever waiting with status remaining as placed order.,1,12,,2021-07-27 22:26:33,"Hi,
Sorry to hear that! We request that you please help us with your order/shipment number at support@centrepointstores.com. We will get back to you at the earliest.",2021-07-29 15:29:09,,most_relevant,com.landmarkgroup.splashfashions
3abf1db8-872d-4c89-a9cc-d069adad0773,Mldw Jozt,https://play-lh.googleusercontent.com/a/ACg8ocLG8Nd-KnaKq-G6uP9czKt__RiDH4z4N3EE98MU_V7RP9AiBA=mo,"Very, very bad because it's a program that doesn't make fully available options for changing clothes of different sizes, and there's also a size There are conditions that you cannot refund with the clothes recovered, although there is a voucher above 40 dinars for interest from the voucher because they will decrease the amount to you, although the payment is cash when receiving is also interest.",1,6,,2022-05-01 14:29:25,We regret to note this. Please contact us at support@centrepointstores.com with your contact details so that we can address your concern.,2022-05-02 13:16:58,,most_relevant,com.landmarkgroup.splashfashions
29439be2-0d65-4d31-a6ac-dac7239a4c12,A Google user,https://play-lh.googleusercontent.com/EGemoI2NTXmTsBVtJqk8jxF9rh8ApRWfsIMQSt2uE4OcpQqbFu7f7NbTK05lx80nuSijCz7sc3a277R67g,Worst experience ever with a shopping app It booked my order and after a few hours I received an email containing that my order has been cancelled. I also re-checked the same product and it was available on the app. There should be some respect for online customers as we are not sitting free of work. I would rate it zero star if possible. And I will tell all my friends to uninstall this app. I will also post about this big scam app on all of my social media accounts and share as much as I can.,1,25,6.10,2019-01-14 03:44:33,"Hi Sameer, we are sorry for this experience. Kindly share with us the order ID to check on this.",2019-01-14 12:20:34,6.10,most_relevant,com.landmarkgroup.splashfashions
c9de4763-5ef7-4fea-b381-e2bf344d3aa8,A Google user,https://play-lh.googleusercontent.com/EGemoI2NTXmTsBVtJqk8jxF9rh8ApRWfsIMQSt2uE4OcpQqbFu7f7NbTK05lx80nuSijCz7sc3a277R67g,The app doesnt work outside the UAE. So if you are looking to view products from another country and get it delivered to a family member or friend pls note that the app restricts entry from outside UAE- you wont be able to view any items. Have had this issue since the last year and looks like they wont fix it. So I just uninstalled the app. The same goes for their website and other sister co apps.,1,6,,2020-04-07 02:05:41,,,,most_relevant,com.landmarkgroup.splashfashions
0da6da53-0f23-4233-b114-ead4cce0db56,A Google user,https://play-lh.googleusercontent.com/EGemoI2NTXmTsBVtJqk8jxF9rh8ApRWfsIMQSt2uE4OcpQqbFu7f7NbTK05lx80nuSijCz7sc3a277R67g,App is not working. Keeps on crashing while launching. It's happening with all land mark retail app such as max and centrepoint too. Your new update has made app crashing in everyone devices. Can't even open the app. Also reported sent you guys the screen shot as well!,1,82,6.24,2019-11-16 19:11:45,"Hi, we are sorry to hear that. Do share the screenshot of the error page at  support@splashfashions.com
 to enable us to assist you further, Along with your Device Model, App version, and OS",2019-10-31 10:57:17,6.24,most_relevant,com.landmarkgroup.splashfashions
2ac52535-e550-428c-9af5-2736f8bb0c01,Khalil Rami,https://play-lh.googleusercontent.com/a/ACg8ocIVhQ9Irz4-HksF0QwII3z3uhaPGn3amwIs41T6dUjRaYkoGA=mo,"App is EXTREMELY laggy, slush and unresponsive. The issue has been persisting for at least 2 years now, the development team didn't bother to fix it. And no, it's not my phone, other people around me experience the exact same thing. I have re-installed the app, formatted my phone.. etc. Nothing helps.",2,113,7.45,2022-06-13 18:55:21,"Hi Khalil, we are sorry that you're having issues with the app. Can you write to us at support@splashfashions.com. Kindly include a description of the issue you are facing, your Android version, and your app version. We will investigate immediately & solve the issue.",2022-06-16 15:46:40,7.45,most_relevant,com.landmarkgroup.splashfashions
e8dd7569-9b31-45af-ab54-82577316c9db,A Google user,https://play-lh.googleusercontent.com/EGemoI2NTXmTsBVtJqk8jxF9rh8ApRWfsIMQSt2uE4OcpQqbFu7f7NbTK05lx80nuSijCz7sc3a277R67g,"Very bad service,probably one the worst online shopping experience you'll ever have.i have been trying to return clothes that i bought and it have been almost a month and they didn't give me my money back or exchange it , and every employee in the service center gives me a different reason for the delay.",1,9,6.26,2020-02-23 22:49:16,"Hi,
Sorry to hear that! We request that you please help us with your order/shipment number at support@splashfashions.com. We will get back to you at the earliest.",2020-02-26 15:03:15,6.26,most_relevant,com.landmarkgroup.splashfashions
15a8e0cc-0cae-4fa0-9aa1-034c5ddeb524,Sahar Fatima,https://play-lh.googleusercontent.com/a-/ALV-UjW6LAZUk58kDzGvKS-lM9O_XRQIPh80M62JU-qhRpKOvaYkpYZHqQ,Pathetic app. It eats my money as well. I made an order while order placement was on the last stages suddenly app got stuck but amount was deducted from the account and no order record was saved. I called several times on the helpline but they said sorry we cannot resolve this issue. App developer is very poor.. Pathetic server. Stucks everytime. And i believe all user facing same issue.,1,24,,2020-06-29 07:41:55,"Hi, we are sorry that you faced an issue. Could you please share your contact details with us on support@splashfashions.com so that we can get in touch with you and resolve the issue.",2020-07-23 21:42:40,,most_relevant,com.landmarkgroup.splashfashions
d34c7cec-d444-4c71-b5be-17af091efb68,dorti karen (FP Dorothy),https://play-lh.googleusercontent.com/a-/ALV-UjWjGuJH2GD8iCE0Lc81SmmLCGrwvV8_V7LHb8hNUZbOpt5l69CRqg,"I have complained through the app and their facebook acct about the item i ordered but received a different one for it but no one has ever contacted to resolve the issue. It has been 2 weeks. I ordered an eyelash curler but received a pillow case. I was a regular online shopper but now im disappointed. Update: emailed the address given and received a notification that i'll be eeceiving a refund for my missing item and i have to reruen the wrong one. For the response, thank u.",3,12,,2021-03-18 20:47:44,"Hi,
Please accept our sincere apology. We are very sorry to know about your experience with us. Please let us know your order number at support@splashfashions.com and we promise to get this resolved quickly.",2021-03-18 15:12:40,,most_relevant,com.landmarkgroup.splashfashions
c743c851-86aa-463a-b217-51fe275038a9,Meenal Mishra,https://play-lh.googleusercontent.com/a-/ALV-UjXgonTZKPh2VOJQ_GhlpINogNnvHgxurm-PYjJSqT7Hulq3vc8KGw,pocket friendly and quality product,4,0,8.59,2024-12-14 10:21:26,Thank you for taking the time to write this review. Your kind words encourage us greatly. Happy shopping!,2024-12-15 15:54:49,8.59,most_relevant,com.landmarkgroup.splashfashions
2b54d7b1-83da-448c-800e-eb375801cebd,A Google user,https://play-lh.googleusercontent.com/EGemoI2NTXmTsBVtJqk8jxF9rh8ApRWfsIMQSt2uE4OcpQqbFu7f7NbTK05lx80nuSijCz7sc3a277R67g,It is very annoying that every time I open your app and click on something it's just same page opening again n again. It was working fine before I buy online a lot from your app. But I don't know what happen now to your app even I have Uninstalled the app and again install still app doesn't work properly. Please do something about it.,1,83,6.24,2019-11-25 05:16:16,,,6.24,most_relevant,com.landmarkgroup.splashfashions
14d977e8-9480-4022-b6db-e78fe8393cb7,A Google user,https://play-lh.googleusercontent.com/EGemoI2NTXmTsBVtJqk8jxF9rh8ApRWfsIMQSt2uE4OcpQqbFu7f7NbTK05lx80nuSijCz7sc3a277R67g,"they sent me the wrong item, and they never refunded me the amount and did not bother to pick it up although I followed up several times they just kept on saying next week tell 7 months passed! the sad part is they wasted my money on item I will never wear. And in the app I could see I have a refund request but they have to collect the item and no one did. anyways never again out of principle they seem like they don't care about their customer's as long as they receive the money they are done.",1,30,6.16,2019-08-05 01:14:33,Please accept our sincere apologies. Can you please update the order details here or contact us at support@splashfashions.com so that we can have a look into this right away?,2019-08-07 17:12:15,6.16,most_relevant,com.landmarkgroup.splashfashions
2bb9f4bc-fadd-4084-8232-6c55f725db25,A Google user,https://play-lh.googleusercontent.com/EGemoI2NTXmTsBVtJqk8jxF9rh8ApRWfsIMQSt2uE4OcpQqbFu7f7NbTK05lx80nuSijCz7sc3a277R67g,"The app is just not working from the homepage. Only when selecting the notifications, am I able to view the products. If I start the app afresh, the app is just crashing. Tried reinstalling the app still, the issue is not resolved, can share a screenshot if needed.",1,71,6.21,2019-10-24 15:16:23,"Hi, we are sorry that you faced an issue. Could you please share your contact details with us on  support@splashfashions.com, Along with your Device Model, App version, and OS  so that we can get in touch with you and resolve the issue.",2019-10-31 10:50:29,6.21,most_relevant,com.landmarkgroup.splashfashions
ccb715be-d043-4a7b-b96d-fb0f21ce6488,Arun Philip,https://play-lh.googleusercontent.com/a/ACg8ocJRqCPF8CohxaZADY9AHt3Z9BzL6kDx30_irA7B-QFg3pRbZw=mo,"I wish if I could give 0 stars. One of the worst shopping experience ever. Purchased something, promised delivery the next day, it's been 4 days and still no update from their side. Tracking option says the item is undelivered. Worst customer service ever. The customer agents does not know any update on the delivery. Such a dissapoitment. If you can't deliver the item please return the money.",2,149,7.61,2023-03-18 17:11:36,"Hi,
Please accept our sincere apology. We are very sorry to know about your experience with us. Please let us know your order number at support@splashfashions.com and we promise to get this resolved quickly.",2023-03-24 16:01:44,7.61,most_relevant,com.landmarkgroup.splashfashions
fc60125e-fb09-4599-9029-612c0eddd71f,A Google user,https://play-lh.googleusercontent.com/EGemoI2NTXmTsBVtJqk8jxF9rh8ApRWfsIMQSt2uE4OcpQqbFu7f7NbTK05lx80nuSijCz7sc3a277R67g,"Tried to complain within the app for the wrong delivery but doesnt have that function so much for customer satisfaction. Refunded the item instore but got less on the item because the item that got delivered was cheaper than the one in my cart. Im not sure if logistics between the app, store, and warehouse is done right or not done at all..this is so dissappointing in my part since I've been shopping mostly in splash in the past 7years and the first experience on your app is this..",2,14,6.24,2019-11-28 19:52:50,"We would like to thank you for using our online shopping platform. If you experience any dissatisfaction, please contact our customer care at support@centrepointstores.com.",2020-01-12 15:08:40,6.24,most_relevant,com.landmarkgroup.splashfashions
c884df7f-8a5b-451e-9051-5a42319af56d,Joselito Cruz,https://play-lh.googleusercontent.com/a-/ALV-UjWm3oasVFwcG6W7R2tlRFn4BVn4CSE54Ch9YEhjLArylUSoxWs,"Very slow, can't browse products👎👎👎 I no longer use the app, I log in via web browser, more faster.",1,9,8.51,2024-08-16 13:47:36,"Hey, thanks for writing a review. Sometimes, the app may be slow but such instances are rare. If it happens too often, please let us know at support@splashfashions.com. We'll have things investigated.",2024-08-16 13:45:29,8.51,most_relevant,com.landmarkgroup.splashfashions
86b8223c-1610-4d18-b758-622d8cdba67f,A Google user,https://play-lh.googleusercontent.com/EGemoI2NTXmTsBVtJqk8jxF9rh8ApRWfsIMQSt2uE4OcpQqbFu7f7NbTK05lx80nuSijCz7sc3a277R67g,"SCAM ALERT!!!                             Landmark Group online shopping is a SCAM!!!    they list items online and when u purchased them, they send u an email that the order was cancelled and does not refund the money to the bank account rather keeps the money with them. then either u have to forget about your money or forcibly make another purchase from them. How stupid can these people get? All Landmark group apps are a total disaster. How can they not make a proper app? It seems they are scamming people and the apps are designed exactly for that.  Stay away from landmark group apps for online shopping",1,10,6.10,2019-01-09 13:04:46,"Hi Abdul, we are sorry for this experience. Can you please share with us the order ID for us to check these canceled items?",2019-01-10 10:09:51,6.10,most_relevant,com.landmarkgroup.splashfashions
d80cee6f-64bb-44fc-a16c-4de6aa6641fd,Hassan Shahzad,https://play-lh.googleusercontent.com/a-/ALV-UjXKtATk9PKRPKnJ5CodiahC2UEPDz17fFiBDc2mD6K0-nN_ouY,"Very buggy. If we minimize even for a second, app restarts. When click of any product, take too much time to load. Tried to buy and pay through credit card, minimized to check the card number, app get back to home. Can't move the images when in large mode.",1,52,7.35,2022-04-27 06:53:01,"Hi, we are sorry that you faced an issue. Could you please share your contact details with us on support@centrepointstores.com so that we can get in touch with you and resolve the issue.",2022-04-28 12:37:02,7.35,most_relevant,com.landmarkgroup.splashfashions
c05ee559-1b9f-4cf2-aadf-37a34e71af55,Languer Imene,https://play-lh.googleusercontent.com/a/ACg8ocKaBieCAFo_JM8BFoRh9PM0nXzjrxlw89DejOnHS3-DhG5QuQ=mo,When i tried to select the country qatar was not in the list !,3,0,8.59,2024-10-16 00:43:38,"Hi, we are sorry to hear that. Do share the screenshot of the error page at support@SplashFashions.com to enable us to assist you further.",2024-10-16 19:05:01,8.59,most_relevant,com.landmarkgroup.splashfashions
d0f0c4d4-c5b1-4544-9db8-a7cdbde1c942,Shehariyar Shajahan,https://play-lh.googleusercontent.com/a-/ALV-UjWhwbimehWLaOVXCnnxYqFtudVBjALCc44VuTk1hVAL44UtAVsd,"Requested for order status 3 times, never received any updates, everytime when I inquire their response is 'will update to you soon' , still no response.(no emails,no phone calls) Seems like they are not interested in delivering the order after getting paid. Other apps and services give atleast an update of there is delay, this doesn't. I don't know what's the use of customer service if they can't provide me an update for the items ordered. disappointed!!!",1,58,7.45,2022-07-02 12:21:47,We apologize for the disappointment. Please share the order details with us at support@centrepointstores.com. We will get in touch with you and do the needful. Thanks.,2022-07-02 12:25:57,7.45,most_relevant,com.landmarkgroup.splashfashions
57a648ec-3da6-4e41-81b9-7dd36d4a0368,ismail tsuma,https://play-lh.googleusercontent.com/a/ACg8ocJ0onEwAwLdJ57gTixZgBUxj8bMklP3TufGrz4TjsQ3YlEeRg=mo,more than just an online stores,5,5,8.59,2024-10-27 19:23:20,Thank you for taking the time to write this review. Your kind words encourage us greatly. Happy shopping!,2024-10-29 13:18:07,8.59,most_relevant,com.landmarkgroup.splashfashions
4079caa0-1ff1-4d80-9909-61d06a5cab96,Noshaba Malik,https://play-lh.googleusercontent.com/a/ACg8ocJi_U-e5yQzFy5caBKNyNP9DiLtt5h3s1ZuByl6Oc5WPzsIVw=mo,"Worst experience online,the stuff is too much cheaper I think the 10 item is much better than. Don't have any contact number to replace or change the oder,also delivery boy don't know where he pick my oder,I want to change my oder,I have size issue and the stuff is look too much cheaper quality.",1,51,7.35,2022-04-23 01:32:04,"Hi,
Please accept our sincere apology. We are very sorry to know about your experience with us. Please let us know your order number at support@centrepointstores.com and we promise to get this resolved quickly.",2022-04-24 20:02:12,7.35,most_relevant,com.landmarkgroup.splashfashions
2e022e9d-c864-4eec-a512-ea7914c572d6,Carmen Clarke,https://play-lh.googleusercontent.com/a-/ALV-UjX4whHXh9rRIdQkKxUP_XjGTYO-7A-DVKJ-dzBkksi4aajHsp46,"I made an order on the Splash app and the driver called to deliver but at the time i was working and couldn't answer the call. There was no attempt to contact me again regarding my order. I contacted the customer care centre and informed them, they dropped the call and i called back. I informed them of my problem. Nothing was done to resolve the issue. Nobody contacted me again. After about a week i was informed my order was cancelled as nobody could contact me? Seriously? Im very disappointed.",1,69,7.9,2021-03-17 19:46:41,"Dear Carmen, apologies for the inconvenience caused, we will ensure the issue is resolved on priority. Please share your details (order ID) along with the issue over an email at www.splashfashions.com, alternatively you can also reach out to us through calls or chats. Thank you for reaching out and we wish you a great day.",2021-03-17 21:45:44,7.9,most_relevant,com.landmarkgroup.splashfashions
fee9944a-5a79-443e-ab58-c2fda8f8772f,Safwan Dawood,https://play-lh.googleusercontent.com/a-/ALV-UjU7vOWHrLp-ceHNM1kI-wua-8F0AiMHRzWxQAoiOtDWAVqGW6bK,"Really disappointed and frustrated! I ordered online on 14th Nov. Delivery shown on 15th Nov, but got it on 16 Nov. The items I ordered wasn't perfect fit for me. So I requested return and I selected shukran wallet for instant refund. It's been one week, I haven't received my refund yet. If it was gonna take time, then please don't misguide people on the name of 'instant refund in Shukran wallet.' if I don't get my refund in 2days, then I will file a complaint to police and consumer court.",1,4,7.51,2022-11-24 14:32:20,We apologize for the disappointment. Please share the order details with us at support@splashfashions.com. We will get in touch with you and do the needful. Thanks.,2022-11-25 11:55:33,7.51,most_relevant,com.landmarkgroup.splashfashions
3970cc13-11e9-4d3e-a86e-93b13dd20c6d,Risnan Rafeek,https://play-lh.googleusercontent.com/a/ACg8ocLGGiyGiiZw6MocdfSdEc9b-d2XuUUTNDoAmWy0L1XMiASawA=mo,"Delivery was very bad . He call me before 2 days still he didn't give me the product, very bad customer service. going to cancel the product.",1,5,8.51,2024-09-04 20:33:45,,,8.51,most_relevant,com.landmarkgroup.splashfashions
4c606f6f-3afb-441a-9666-c2dd5015b29f,akshay kumar,https://play-lh.googleusercontent.com/a-/ALV-UjVIM7pwIYWl6rlxvNZRrrNwTITCuqJsEcpdyksAJj4xwkvQVw,very good shop both online and offline. good customer service..very humble giving good offers,5,32,8.51,2024-09-18 00:30:20,,,8.51,most_relevant,com.landmarkgroup.splashfashions
7632f514-c88f-4f06-b27a-571e44fe6992,B,https://play-lh.googleusercontent.com/a-/ALV-UjW2RS6iEkA6lmp_l7k4LXlpbRetIemxeG31TwhKHpUvpma8jl3CiQ,"Invalid application to use, many problems. I cannot open my cart to complete the purchase. I also cannot open the preferences menu just a lot of bugs",1,0,,2024-07-31 01:26:36,"Hi, we are sorry that you're having issues with the app. Can you write to us at support@splashfashions.com. Kindly include a description of the issue you are facing, your Android version, and your app version. We will investigate immediately & solve the issue.",2024-07-31 11:38:56,,most_relevant,com.landmarkgroup.splashfashions
eaac8c40-64e1-44bb-8444-7c9712ce8ec1,A Google user,https://play-lh.googleusercontent.com/EGemoI2NTXmTsBVtJqk8jxF9rh8ApRWfsIMQSt2uE4OcpQqbFu7f7NbTK05lx80nuSijCz7sc3a277R67g,Overall this is a good app that provides good knowledge about the clothes that are available with the brand. But it would be great if you introduced a refine/filter option that would allow the user to refine their clothes such as pants/trousers according to the pants length.,4,70,6.25,2020-01-13 23:19:36,,,6.25,most_relevant,com.landmarkgroup.splashfashions
f28fadf4-bd44-446f-9c6f-22b59526d12c,A Google user,https://play-lh.googleusercontent.com/EGemoI2NTXmTsBVtJqk8jxF9rh8ApRWfsIMQSt2uE4OcpQqbFu7f7NbTK05lx80nuSijCz7sc3a277R67g,"Not user friendly app at all, has raised a complain that the app doe not open on wifi. Someone please visit SHEIN app and have a look if u are on a shopping cart page and then u view an item in ur basket and try to go back it takes you to the history of last what u have seen Very annoying app.. All landmark app have the same problem.. Get it resolved. Also if ur app is having a problem ur website should be accessible, when u access the web site it takes u to the app.Please fix ur app",1,24,6.24,2019-11-27 23:20:40,"Hi, we are sorry to hear that. Do share the screenshot of the error page at support@centrepointstores.com to enable us to assist you further.",2020-01-12 15:09:38,6.24,most_relevant,com.landmarkgroup.splashfashions
f351522c-b18e-4448-bab5-0c99aebeb792,sarah alsulaiman,https://play-lh.googleusercontent.com/a/ACg8ocLIYtHIYmPfJ4DcPp-LmrGbJqNRbYNigKFPcz8VXmZI7qzBw68=mo,There are problems with the app. It is not possible to browse easily,1,6,8.51,2024-08-05 01:08:58,"Hi, we are sorry to hear that. Do share the screenshot of the error page at support@splashfashions.com to enable us to assist you further.",2024-08-06 02:36:09,8.51,most_relevant,com.landmarkgroup.splashfashions
d9b38739-a542-47af-9203-ffb34c97b9aa,Viorica Les,https://play-lh.googleusercontent.com/a-/ALV-UjVXqPqf3zm33jahK27EAghr9L9UmfkUSiEFB0rNHWAyla5Q-ejMcw,"Hello, I put an order on 20th of May on your Splash app. After 1 week I canceled it as it was never delivered. I didnt get my money back not even after 1 month! I paid with PayPal so it's not about the bank, you just dont give back the money, almost 100 USD.That's an embarrassing situation! Update: I send again as many times requests, your agent told me the money are in my bank account. Lies again, as I paid with PayPal, so no money in there! GIVE ME BACK MY MONEY!!!",1,10,,2020-06-22 14:52:28,We apologize for the disappointment. Please share the order details with us at support@splashfashions.com . We will get in touch with you and do the needful. Thanks.,2020-06-21 16:33:31,,most_relevant,com.landmarkgroup.splashfashions
ec91223d-99ab-4b83-a150-5e12e30dbc29,Ahmed Alahmary,https://play-lh.googleusercontent.com/a-/ALV-UjV_xeBQ0KdBBgZf5z5DHUcEHXAZrDhn409xT4ZpkB6Gl7Dw6U3O,Good app. Needs to become a native app,4,2,8.59,2024-10-26 21:25:43,Thank you so much for taking the time to leave us feedback.,2024-10-27 14:17:21,8.59,most_relevant,com.landmarkgroup.splashfashions
09d5f3ec-240e-43a5-9a85-3248e5bdb638,Shiyas Rehman P A,https://play-lh.googleusercontent.com/a-/ALV-UjUVqHHBEHAjXzfZhLYWOS6wRYGdToZKre6D8QLqiS-U89y9C2rd,"Worst online service experience I have seen ever. I have placed order 20th March, by mistaken I provided contact number wrong. Then I have updated my number correctly on next day. But they delivered to someone else and said its already delivered. I don't understand how they can provide without checking customer details even have given current address. Terrible experience 😪",1,48,7.35,2022-03-25 12:58:00,"Hi,
Please accept our sincere apology. We are very sorry to know about your experience with us. Please let us know your order number at support@centrepointstores.com and we promise to get this resolved quickly.",2022-04-02 19:19:38,7.35,most_relevant,com.landmarkgroup.splashfashions
7b7a4266-1ec6-44da-982e-342105d9537a,javed ars,https://play-lh.googleusercontent.com/a-/ALV-UjUOgz_UHO3dGBwzHkwXcs-see_Z3wknRUFYcmR1WJdItGm26JXl,"Main drawback of splash is there is no replacement facilities. Better take a little effort and visit shop and buy. If the stuff not recived with correct size and you need replacement even we ready to visit any shop for replacement, they don't have options for that. My online experience with splash is bed. I will never use online shopping. Their details of products is not that much accurately. I can give 1 star. Sorry splash mangment.",1,15,7.35,2022-04-25 00:52:03,"Hi,
Please help us understand the the issue you are facing in depth. Please share the detailed issue by writing to support@centrepointstores.com. We'll ensure to look into it with utmost priority.
Thanks!",2022-04-28 12:33:58,7.35,most_relevant,com.landmarkgroup.splashfashions
d5e48f0f-72e7-4328-8b19-20536dd787bb,Joyce Vargas,https://play-lh.googleusercontent.com/a/ACg8ocLqg7nAl9l2JRFTVIdce-9tQLz0yvb1zfgTjhS3dBejvlPDpA=mo,worst online shopping app . i orderd for pick up and they said they will inform me if it is ready for pick up and even gave me a 2 to 3 days for it and it was already payed but its taking a long time ive been asking customer service and they just give me the same answer every time . its been more than a week since i orderd . it seems like they dont care about your order once you already payed it .,1,2,,2022-10-08 02:14:15,,,,most_relevant,com.landmarkgroup.splashfashions
70b754b4-12e0-47a1-8f88-f3a42b43d71f,A Google user,https://play-lh.googleusercontent.com/EGemoI2NTXmTsBVtJqk8jxF9rh8ApRWfsIMQSt2uE4OcpQqbFu7f7NbTK05lx80nuSijCz7sc3a277R67g,"I was given the wrong products, not the wrong size, entirely different product.Contacted them to rectify the issue, they asked to contact them after 2 days. I requested them to get me the right products to which their policy is they will refund the money which will be credit back in 4-15 days without giving the right products and take the wrong products back.They mess up but the customer has to deal with their mess by wasting their time, waiting for their money while having nothing they wanted.",1,19,6.14,2019-06-02 19:23:08,"Hi Joe, we are sorry for this experience. Please share with us the order ID to further assist you.",2019-06-03 11:24:55,6.14,most_relevant,com.landmarkgroup.splashfashions
b9b9035b-de6f-4a1d-b8a8-295de1f07336,INFORMATIVE C,https://play-lh.googleusercontent.com/a-/ALV-UjUniSzUVgJT3EyqzrtxMiYTNhN9GFpHA72WL-vhO4PrGLzTmabP,Initially I liked the app but from the past few months I am unable to open the app. I just tap the app and it just shows the opening screen even for hours. I am disappointed with app management. Kindly fix this.,1,39,7.5,2020-11-11 21:11:39,"Hi , We apologize for the inconvenience you have faced, We request you share the details, Screenshot of the error of your issue along with app version, Android and device model by writing to us at support@centrepointstores.com so that we can investigate it & assist you in the best possible way,",2020-11-12 22:14:54,7.5,most_relevant,com.landmarkgroup.splashfashions
d05cec0a-69d0-40ed-a1d2-0f77c08d11c8,MUHAMMED AFSAL,https://play-lh.googleusercontent.com/a-/ALV-UjUN4NVjYW_spmzUqWLRn3w4PPWXOVLRSEf9LVG089-uHt7MqkBy,"Worst delivery service. Ordered an item before 20 days, I haven't received item. My money is stuck, as I can't cancel my order for cash refunding. Even, After sending complaint, no one is responded. Really waste of time...",1,13,7.7,2021-01-29 02:31:11,"Hi,
Sorry to hear that! We request that you please help us with your order/shipment number at support@splashfashions.com. We will get back to you at the earliest.",2021-01-29 21:08:11,7.7,most_relevant,com.landmarkgroup.splashfashions
d4a6e8e8-5f1d-4c44-bf41-78c7844a326b,Parul Sailesh,https://play-lh.googleusercontent.com/a/ACg8ocL3BnxNqqGdHOMRF1uORPFloIsxJeldjQec8KDHhONt6F_QoAju=mo,The worse customer service of splash online shopping.I will neverever shop online from splash again! I have paid cash on delivery and as they say if we pay cash we get cash back on return.But when I went to store they refused to give me cash back and refused to take the items back after 1 hr of argument they asking me to call customer service n request for return.i requested online return n they collected items but when I got email for refunded vouchers in the list 1 item was not added for refun,1,32,7.35,2022-04-04 01:37:10,We apologize for the disappointment. Please share the order details with us at support@centrepointstores.com. We will get in touch with you and do the needful. Thanks.,2022-04-13 14:56:37,7.35,most_relevant,com.landmarkgroup.splashfashions
1ceb0172-39a5-4040-9b64-52315129a322,Elmar Lucas,https://play-lh.googleusercontent.com/a/ACg8ocKBX2BWz8bsWjGv_BwJ0e8uCSJGTg-Rwr6P9BaERgy5Dmh54g=mo,"Still waiting for the delivery that was schedule within the day!!.. Customer Service, name MAIS.. is not helpful as he/she is.. he/she keep the customer hanging on chat.. and the issue was not resolved he/she says it resolved.. not a good customer service.. got disappointed.. not a good experience. Was about to cancel my order all he/she says is you can refuse not to accept the order.. how can you earn a loyalty from customer if like this.. super worst customer service i experienced..",1,6,7.35,2022-04-24 16:03:21,"Hi,
Please accept our sincere apology. We are very sorry to know about your experience with us. Please let us know your order number at support@centrepointstores.com and we promise to get this resolved quickly.",2022-04-24 20:02:55,7.35,most_relevant,com.landmarkgroup.splashfashions
45e9129a-09eb-4742-9d24-6674e381006a,A Google user,https://play-lh.googleusercontent.com/EGemoI2NTXmTsBVtJqk8jxF9rh8ApRWfsIMQSt2uE4OcpQqbFu7f7NbTK05lx80nuSijCz7sc3a277R67g,"its worst shoping experience to buy online from splash. i would recomend never buy from them online. the reasons. 1. they will accept the order and after three days of waisting time they will come up that items are not in stock. whats the point of accepting order and deduct the payment if items are not in stock... time waisting at all. 2.Refund policy is poor. refund will only happen in 15 days... using the customers money for 15 days... nightmare,.. 3..poor delivery time frames..",1,15,6.14,2019-05-27 10:22:35,"Hi, we are sorry for this experience. Please share with us the order ID to further assist you.",2019-05-27 11:37:11,6.14,most_relevant,com.landmarkgroup.splashfashions
efbf5d49-9917-4058-8ef5-d4b1c5cef5c3,UmIbrahim,https://play-lh.googleusercontent.com/a-/ALV-UjX7wcBRih2526-SZnfq1O-TZgN4xKoi34PQCzF3PTkdRQN948jf,"I agree with the other views. Very bad customer service. I have also returned my items back with no refund. Every time I call customer service, I am told it reached the warehouse and will get back to you. Its been a week and still waiting. No body is bothered to reply back to my emails. I regret buying from splash and will never buy again.",1,41,7.8,2021-02-22 23:18:09,"Hi UmIbrahim,
Please accept our sincere apology. We are very sorry to know about your experience with us. Please let us know your order number at support@centrepointstores.com and we promise to get this resolved quickly.",2021-02-23 20:24:13,7.8,most_relevant,com.landmarkgroup.splashfashions
ce42e235-75d5-4be4-97fe-3c28cdad28f9,Hana Zakiya,https://play-lh.googleusercontent.com/a-/ALV-UjWKbehOLCFzwz0iU59c4qMe5CJ5-MWcFxWdWow-LOnfvCciO4S3,"Very bad experience, used to buy from splash store very often, but when ordered online, i got damaged clothing, very sad that this happened, probably never gonna buy from splash or wont recommend others to buy from centrepoint again.",1,9,7.0,2020-07-28 19:14:23,"Hi,
Sorry to hear that! We request that you please help us with your order/shipment number at support@splashfashions.com. We will get back to you at the earliest.",2020-08-26 12:27:51,7.0,most_relevant,com.landmarkgroup.splashfashions
6e72282c-943a-440e-9600-56c1a61c8881,Anwar Hussain,https://play-lh.googleusercontent.com/a-/ALV-UjXWOYFXb_B1mriVg3Cbj8tx9LcyGYrtx4D7eLFbB9NE_gSht_uB,"it's a very good apps for online shopping, and here buying any products can very easily, I like it🌸",5,26,8.57,2024-10-08 02:01:28,Thank you so much for your feedback.,2024-10-08 12:49:28,8.57,most_relevant,com.landmarkgroup.splashfashions
33c8665a-e75e-4289-806d-32fb71beed1c,Yadukanth K.P,https://play-lh.googleusercontent.com/a-/ALV-UjUTBxbZKn0ocjeFTPVoL8xUGyw-rTYdWBy6yClUzKbldo6VOpVbXA,"I ordered some clothes worth of 250 from splash on 4th march and the delivery date shown was 5th march.Next day it showed shipped and will be delivered soon,but after that I got a message saying due to some address issues they couldnt deliver it and will get back to me soon.But its been 4days and not delivered yet.It was a prepaid order and there is no option for a cancellation.I tried sending mails also and they are replying they need some time to figure it out,lol. Worst experiance.",1,4,7.51,2023-03-08 03:12:45,,,7.51,most_relevant,com.landmarkgroup.splashfashions
0f5fb87f-61a5-4429-bf08-69fe1822ae36,asheem naushad,https://play-lh.googleusercontent.com/a/ACg8ocK2hYAV6vf2ab2RBrmewUxIuk21sOzkWBKNd20tar6QroWXFg=mo,Please don't use the click and collect option at the store in Burjman Center it won't be available to collect on the promised time. I had faced this issue twice with the above store. Every time I give the option to collect for Burjman the delivery will be delayed by at least 5 days.,1,2,,2023-07-01 21:29:17,,,,most_relevant,com.landmarkgroup.splashfashions
4a7d2752-ae36-41c4-b677-5f2246d0b405,Imran Shaikh,https://play-lh.googleusercontent.com/a/ACg8ocK9DiJQ_RUrDYuAdVr22jmhTVvJe3LnyWa3Y2BlvUcuA5GWo4GT=mo,Pathetic service I ordered for the same day delivery but since 2days I am waiting for the delivery. My money already got deducted and there's no communication from website for my order and I am unable to connect to customer service very very disappointed. I'll not recommend anyone to use website or app to purchase anything.,1,3,,2022-04-14 20:58:57,"Hi,
Please accept our sincere apology. We are very sorry to know about your experience with us. Please let us know your order number at support@centrepointstores.com and we promise to get this resolved quickly.",2022-04-17 17:30:12,,most_relevant,com.landmarkgroup.splashfashions
df953ff2-5e63-465e-8541-29cb09914308,A Google user,https://play-lh.googleusercontent.com/EGemoI2NTXmTsBVtJqk8jxF9rh8ApRWfsIMQSt2uE4OcpQqbFu7f7NbTK05lx80nuSijCz7sc3a277R67g,"I ordered some items here and its says only 1 stock left, I hurried to buy it and then after I recheck my order list to confirm when they'll ship it, I just saw that they partially cancelled the item that I buy, then after I re-order again but they put out of stock. I order early this morning July 16, 2019 (6AM)",1,11,6.16,2019-07-16 22:17:52,"Hi, we apologize for any issue you might be having! Please share with us the order details and we will help you in the best possible manner.",2019-07-22 17:05:39,6.16,most_relevant,com.landmarkgroup.splashfashions
4d3b7c73-54a8-49c7-b65b-c94e821306ec,Kevin Ray Albert Dajan,https://play-lh.googleusercontent.com/a-/ALV-UjXd5PJ4Rihfefy_NSatpxSxQNIcZtqsQ13NGgfILzKdB8JzrQi-,"OTHER CUSTOMERS BEWARE! I'M NEVER BUYING FROM THIS COMPANY EVER AGAIN! I have received the wrong item design upon delivery, returned it then no refund issued! Trying to twist the the situation to make the customer suffer the incompetence of your staff is unacceptable. Your warehouse staff should check the box content upon sending it to the customer. when handling this kind of situation and you let the customer suffer for your very dishonest and incompetent staff!",1,1,,2023-03-08 22:05:12,"Hi,
Sorry to hear that! We request that you please help us with your order/shipment number at support@splashfashions.com. We will get back to you at the earliest.",2023-03-09 15:47:56,,most_relevant,com.landmarkgroup.splashfashions
61a4a973-5002-44c2-9a6c-c84d45f1f107,A Google user,https://play-lh.googleusercontent.com/EGemoI2NTXmTsBVtJqk8jxF9rh8ApRWfsIMQSt2uE4OcpQqbFu7f7NbTK05lx80nuSijCz7sc3a277R67g,well I'm suprised about the negative reviews I am a frequent shopper with landmark and I've never had an issue with all their stores especially max shoemart and splash. I've returned a number of items and even when it was my fault at times they always helped change return or refund. average 2-3 days,5,37,6.10,2019-01-05 10:45:05,,,6.10,most_relevant,com.landmarkgroup.splashfashions
bbd01c66-bd3e-4c16-ab7b-a72112a66440,Vitumbiko Gondwe,https://play-lh.googleusercontent.com/a-/ALV-UjWTxvClh8h43xKavYEAZRhjzD2Zswj1EK22RBt9LKE-YK3CMSIo,"Worst App ever..,ordered a next day delivery only to take 3 days without being delivered,called customer service only to be told delivery is delayed because its a weekend,as if when they were accepting the order on a Friday they never knew the next day is a Saturday. Someone is sleeping on their job. I wouldn't recommend this APP to anyone.",1,35,7.47,2022-07-31 13:50:49,,,7.47,most_relevant,com.landmarkgroup.splashfashions
84dfa790-10cc-4a69-852c-f92818ae940b,Kruttika Rao,https://play-lh.googleusercontent.com/a-/ALV-UjUpZzGW0P-Adx5Ef3aWDk6hih9VpzkZBXIF51TdTA08nq37A7Lv,It's the slowest app I've ever used. Pages keep getting stuck. So many times my payment doesn't go through because it keeps reverting to the homepage. It's so frustrating to shop on this app 😤,1,64,7.35,2022-03-15 10:52:32,"Please clear the data and cache for your app by going to your phone settings. This should resolve your issue. In case you are still facing the problem, please contact us at support@centrepointstores.com with your contact details and relevant screenshots.",2022-03-17 18:28:39,7.35,most_relevant,com.landmarkgroup.splashfashions
22f8be9e-d600-4b8a-8110-8cd9321da372,Mark Koh,https://play-lh.googleusercontent.com/a/ACg8ocKuF-PPKEm2zz9EKR8eO_n1bpftoGNZ-RkIYqXMMvwcmHZCyg=mo,"Always hang up! If u want to check out and save later some items, it will hang up. Need to restart the phone in order to proceed again. Once it is in yout basket u cannot remove it otherwise it will hang up. Worse app in on line store.",1,5,7.3,2020-08-24 16:53:49,"Hi, we are sorry to hear that. Do share the screenshot of the error page at support@splashfashions.com to enable us to assist you further.",2020-08-26 12:18:17,7.3,most_relevant,com.landmarkgroup.splashfashions
cdf76a9c-b272-4d81-a99c-72347a7256af,Jessica Valdeleon,https://play-lh.googleusercontent.com/a-/ALV-UjV16rIHDU73EzxPjqR3zVS_Rhpm-rQc8UzCrsg3CLzv7OR3buQhmw,"I tried to buy some items online just few hours ago. While placing the order and entering my details, the app is keep on coming back to home page! i tried again and finally after 3 attempts it went through. I choose to pay by card and it went well. Few minutes ago, i received a message from SPLASH that my order WAS NOT SUCCESSFULLY PROCESSED. Please explain WHY???",1,110,7.29,2021-12-28 18:14:02,"Hi, we are sorry to hear that. Do share the screenshot of the error page at support@centrepointstores.com to enable us to assist you further.",2022-01-04 17:18:32,7.29,most_relevant,com.landmarkgroup.splashfashions
f068fc65-4486-465a-8a7d-9f6683eefcb1,BIVIND AMBADI,https://play-lh.googleusercontent.com/a-/ALV-UjU_i4qKjO6E_hSd-Cx6c2dbDQDXAMe8lHmCwZVs6RaI2aqkIHy9wQ,"Link is not working properly in one plus 7 Link is not opening the appropriate page . It's always routing to home page .. If you minimize the app, and reopen it will simply go to the default home page. It's not able to keep the session alive..",1,45,7.49,2022-10-21 21:07:09,,,7.49,most_relevant,com.landmarkgroup.splashfashions
2febf0d5-b873-4e9c-8cd7-362567b780a8,A Google user,https://play-lh.googleusercontent.com/EGemoI2NTXmTsBVtJqk8jxF9rh8ApRWfsIMQSt2uE4OcpQqbFu7f7NbTK05lx80nuSijCz7sc3a277R67g,"I have a proplem with the WI-FI every time I open the app tell me you don't connected to the network, but I am connected and when I tried to open other applications it opened and it must be connected to the network to use the Application",1,93,6.26,2020-03-27 19:43:55,"Hi, please contact us at support@splashfashions.com and share your Android version and device details. We will reach out to you with assistance.",2020-04-01 15:34:39,6.26,most_relevant,com.landmarkgroup.splashfashions
7a2690e4-c436-4615-9e9e-402df6a9b78f,A Google user,https://play-lh.googleusercontent.com/EGemoI2NTXmTsBVtJqk8jxF9rh8ApRWfsIMQSt2uE4OcpQqbFu7f7NbTK05lx80nuSijCz7sc3a277R67g,It's not working properly when we are clicking on menu it refreshing on same page. We are not able view any items other than homepage. I uninstalled and installed 3 times. Pls do it necessary things.,1,46,6.19,2019-09-27 01:01:58,"Hi, we are sorry to hear that. Do share the screenshot of the error page at support@centrepointstores.com to enable us to assist you further.",2019-09-30 13:47:41,6.19,most_relevant,com.landmarkgroup.splashfashions
46f94db4-bb4a-430f-89d2-816623cc6487,A Google user,https://play-lh.googleusercontent.com/EGemoI2NTXmTsBVtJqk8jxF9rh8ApRWfsIMQSt2uE4OcpQqbFu7f7NbTK05lx80nuSijCz7sc3a277R67g,Very easy to add items in your cart. The best part is that they send you notifications if the items are back in stock. It also keep you updated with new offers and discounts. Great experience overall.,5,76,6.24,2019-11-24 19:17:34,,,6.24,most_relevant,com.landmarkgroup.splashfashions
4b8248d2-5832-4202-b98b-0a125ee4d573,Nadeem Hussain,https://play-lh.googleusercontent.com/a/ACg8ocLjwrvW9JNEDKzQ202zMMeWsQohXqR_AleG4_FkL-DFvxOyVg=mo,Very bad app and technical team. Always one or other issues. I'm facing issue on my splash account and I have raised a complaint to technical team long time ago but until now they are unable to fix it. Overall very bad experience with this app.,1,34,7.25,2021-11-25 23:55:53,"Dear User, we regret the inconvenience caused. To help us understand the problem in detail, please share your contact details at support@centrepointstores.com. We would be more than happy to assist you. Best Regards.",2021-11-26 22:57:23,7.25,most_relevant,com.landmarkgroup.splashfashions
43ac7720-0d6f-4fbf-bb3f-038e23f684f1,Andrea Bolanos,https://play-lh.googleusercontent.com/a/ACg8ocJuSZKNOGiNbwXbGwFKCDyVNF0B0l-wDjMdhtkWxXXByWVdSQ=mo,"I shopped so many items in kuwait like 1000KDs in a month time, and two of my orders, I was charged twice (app is not good) and 3rd charged me without getting any items at all, I have returned many items and their app is not updating it, MOST OF ALL I EMAILED THEM 100 times and I didnt get my money back, extremely BAD ONLINE SERVICE, i will not change my rating until i get my money back",1,14,7.5,2020-10-26 13:58:32,"Hi Andrea ,We'll look into this issue for you. Please send us a note at support@centrepointstores.com so that we can follow up.",2020-11-07 14:48:19,7.5,most_relevant,com.landmarkgroup.splashfashions
0383050d-e58c-4365-80bd-b02edcb049b6,Pratik Gargya,https://play-lh.googleusercontent.com/a-/ALV-UjXkzdhjsyozg8VRNhkPM4bttuqqmQ2BtQazb2nFKMhGhYQugGYdfQ,"Saw the ad on Tik Tok and got excited. However found out after downloading it that its fraud. The cap & price they show there are not even listed. Its just to fool people to download the app. Moreover you search for caps and sort from low to high, you will start getting Tshirts and stuff. Quite immature app and quite slow.",1,73,7.29,2022-01-14 09:43:44,"Dear Customer,
We are sorry that you feel this way. Please do share your feedback along with your contact details at support@centrepointstores.com and our team will reach out to you at the earliest.",2022-01-16 21:31:53,7.29,most_relevant,com.landmarkgroup.splashfashions
9c3d1d73-b88e-4979-ab38-e2f8637c1854,somashekar somu,https://play-lh.googleusercontent.com/a-/ALV-UjUYHRQsDjY4VtXi9eN5sE5_1gpYKA_f1texmZN-_ImZwPdpVs4,Worst delivery time. Not delivering products on time as promised during the checkout. Really unhappy with the service. Customer care .. wow. Absolutely its a waste of time to call them. Dont solve any issue at all,1,8,,2021-03-08 17:05:39,"
Dear somashekar, apologies for the inconvenience caused, we will ensure the issue is resolved on priority. Please share your details (order ID) along with the issue over an email at support@SplashFashions.com, alternatively you can also reach out to us through calls or chats. Thank you for reaching out and we wish you a great day.",2021-03-09 20:25:34,,most_relevant,com.landmarkgroup.splashfashions
b75891fa-3620-4f3b-8902-69e7f48befd8,A Google user,https://play-lh.googleusercontent.com/EGemoI2NTXmTsBVtJqk8jxF9rh8ApRWfsIMQSt2uE4OcpQqbFu7f7NbTK05lx80nuSijCz7sc3a277R67g,"This app opens after half an hour and keep on hanging, so I uninstalled/installed it again and again. When they had a 50% off one day promotion I was not able to shop online, its not going through. Hopefully they'll bring it back.",1,61,6.19,2019-09-16 20:24:06,"Hi, we are sorry for this experience. Please share with us more details to further assist you.",2019-09-24 16:23:11,6.19,most_relevant,com.landmarkgroup.splashfashions
c0f79737-fba7-45be-8c07-0bce691c97fe,Farheen Masood,https://play-lh.googleusercontent.com/a-/ALV-UjWO0uo-iPsJ0pI3j2fMlnh6sXroBi-hdBSZxIAOMsB2zoqNACH70g,"Late delivery, wrong delivery, i ordered a handbag which comes with a portable strap. But it was delivered without strap. Instead of just giving me strap or exchange my bag I'm asked to returned my order.. until now my bag is not collected for refund.. very slow service.",1,33,7.9,2021-05-07 06:15:42,"
Dear Farheen, apologies for the inconvenience caused, we will ensure the issue is resolved on priority. Please share your details (order ID) along with the issue over an email at support@splashfashions.com , alternatively you can also reach out to us through calls or chats. Thank you for reaching out and we wish you a great day",2021-05-07 15:19:46,7.9,most_relevant,com.landmarkgroup.splashfashions
9f717b4f-c8cf-45da-bcd3-b89324c07bb5,Mohsin Raza,https://play-lh.googleusercontent.com/a/ACg8ocJARBYSy-1gKbk8XGXfGVHxDHXl0PewU9nAYKUfFFAgAIvtYg=mo,From one of the top apps in uae to worst app 3 months now same error even after changing devices. And please don't tell us to contact staff as this should be verifiable on your side about the error we consumers facing. Ask your developer team to give full effort as we cannot be bothered to email this small issues.. TIA,1,26,6.26,2020-05-19 08:13:45,"Dear User, we regret the inconvenience caused. To help us understand the problem in detail, please share your contact details at support@splashfashions.com We would be more than happy to assist you. Best Regards.",2020-05-28 17:04:32,6.26,most_relevant,com.landmarkgroup.splashfashions
db000f13-07c4-419f-be22-37d64a59c8ae,offiong Akon,https://play-lh.googleusercontent.com/a-/ALV-UjWgyACJO81OvtQRiUO-YO5p6F7385N6R_jjMYJcjhxgH5b7DaM5,I think the shipment is fast but return and refund of money is a problem and you can't even use the refunded credit even after so many days of holding it back so bad. Please fix your app. Thank you,2,14,7.35,2022-04-26 04:30:10,"Hi, we are sorry for this experience. Kindly share with us the order ID for us to help you with your refund issue.",2018-12-05 11:06:19,7.35,most_relevant,com.landmarkgroup.splashfashions
969293a7-60e0-4be7-8234-b11957669a9c,Sauhan Rabeez,https://play-lh.googleusercontent.com/a-/ALV-UjXh6sV9v6yoixKTVe_SNo09Xhy1zt-ySSub8TrDIw5CoWbkkhej,"Never order from here guys, they will mention particular delivery date and will order seeing that...but won't deliver on time. Customer service is really bad, they won't give any solution for orders. I am still waiting for my order since two days which was supposed to be delivered day before yesterday",1,3,,2022-07-07 18:24:15,"Hi Sauhan,Please accept our sincere apology. We are very sorry to know about your experience with us. Please let us know your order number at support@splashfashions.com and we promise to get this resolved quickly.",2022-07-08 15:13:10,,most_relevant,com.landmarkgroup.splashfashions
a5e5e317-222a-4746-8d84-266e51e93431,Ayesha Salma,https://play-lh.googleusercontent.com/a-/ALV-UjXmTw5jhwhLflFC5jpuKzUmdZdCt6jM-DWMXzlULCPp0mpP94A,"To deliver it more precisely and without any delay as I am a fan of splash brand, but the delivery with Naqel express worst to be honest, delivery guy phones are almost busy for hours when Contact them don't receive calls or respond to any of the whatsapp messages when delivery location was shared. Hope you work on it. No complain for Splash brand all is well Only complain regarding delivery",5,0,8.69,2025-01-07 13:58:13,,,8.69,newest,com.landmarkgroup.splashfashions
b81c58bc-1316-42c4-8de7-b662f410d78d,Radzmina Jalil,https://play-lh.googleusercontent.com/a-/ALV-UjXlf9eYdnMgF3gobo4Tdo6I6zBDyYTPCYh8_N89qKV_DL--QK0N,very nice,5,0,8.69,2025-01-06 19:23:36,,,8.69,newest,com.landmarkgroup.splashfashions
c559a383-758b-4246-8d75-e95f1f59b83a,Saqib Zafar,https://play-lh.googleusercontent.com/a/ACg8ocKzuCutoPUMA4YMJz72bcN5s84N0ZnjBQ08xHYOIx_4R4aH_g=mo,good,4,0,8.69,2025-01-04 22:25:11,,,8.69,newest,com.landmarkgroup.splashfashions
882a9f01-3d06-4337-bf5a-218d27a4b583,khawar shabbir,https://play-lh.googleusercontent.com/a/ACg8ocLxYFF9zQsOJIgW9BToHK3EASpLmB0byHj48khmmVCLG0mymA=mo,Very bad Experiance,1,0,8.69,2024-12-30 17:04:01,,,8.69,newest,com.landmarkgroup.splashfashions
7fefcee9-f463-42c5-b46c-431b8e9412f0,Mohammed Alamer,https://play-lh.googleusercontent.com/a/ACg8ocKM6NFqLPkPNXYHp3Vd8V8WMT1D1apC1WyqHYFmLWU_W8_n5g=mo,Not 2,2,0,8.57,2024-12-18 21:26:26,"Hi, we are sorry for the inconvenience caused. Kindly share your concern at support@SplashFashions.com for further assistance",2024-12-19 15:12:09,8.57,newest,com.landmarkgroup.splashfashions
ceecece8-9a25-43d9-abaf-1cb20e4e1810,Mohammad Sageer,https://play-lh.googleusercontent.com/a-/ALV-UjVlMj_csHKrS0Tp3LGjiCjEi3DKUv7LPFsebTZ9dIrXGaxJ49U,pwoli,5,0,8.59,2024-12-15 19:12:48,Thanks for the 5-star rating. Hope you continue to enjoy shopping on our app.,2024-12-17 18:07:19,8.59,newest,com.landmarkgroup.splashfashions
c9e0ec8e-314e-4cd9-b759-df6f550c11c7,Jacq Only,https://play-lh.googleusercontent.com/a-/ALV-UjVvVcCqlU3Et26aNhrtVinQ2RT6fxBSux0vy5e1QLtZbP1LQHvOzA,BADDDDDDDDDDD CUSTOMER SERVICE,1,4,,2024-12-12 15:05:55,We're always looking to improve your experience. Any specific incident we can look into for you? Let us know by reaching out to support@SplashFashions.com,2024-12-12 16:45:25,,newest,com.landmarkgroup.splashfashions
9bdb5712-b01e-48dc-86c6-1cfda55cf8e9,Rj freelancer,https://play-lh.googleusercontent.com/a-/ALV-UjV2T4cHTyEzDW6ugQH4g4A0ldVPs3SFUz2222FCpWqTezFfhps,nice experience,5,0,8.59,2024-12-11 21:12:48,It is delightful to hear such positive words and it’s always a pleasure to serve our users.,2024-12-12 16:44:21,8.59,newest,com.landmarkgroup.splashfashions
dbf7aeea-d01c-44c3-a569-2da29d612d25,Salma LYakidi,https://play-lh.googleusercontent.com/a-/ALV-UjW30jd0sydf4HmQV79dmkWE-KNuDeQsVl_OPfsPeuTzivbN9vis,Goo 4 ddiddfeuie7ut.ld The best king,4,0,,2024-12-11 18:20:29,Hi! We are glad that you like our app.,2024-12-12 16:44:00,,newest,com.landmarkgroup.splashfashions
8f9d24b8-0f9b-46c6-b7db-6e1600177511,Padmanava Sukla,https://play-lh.googleusercontent.com/a/ACg8ocJ81doH69E4YXEcIOt1DK58FpXY0W9soo_WTSKldQMUHph7zQ=mo,very nice fabric in this company,5,0,8.59,2024-12-10 18:21:48,Thank you for taking the time to write this review. Your kind words encourage us greatly. Happy shopping!,2024-12-11 17:00:07,8.59,newest,com.landmarkgroup.splashfashions
f477c370-31e5-4306-9655-ad4316a8c872,Igo App,https://play-lh.googleusercontent.com/a/ACg8ocL6JvcmA80ZSM9_bAeuCDZYHnkG56dZE37fvBqz5AVWppSA5Q=mo,🌟🌟🌟🌟🌟,5,0,8.59,2024-12-07 12:38:33,Thanks for the 5-star rating. Hope you continue to enjoy shopping on our app.,2024-12-09 01:20:20,8.59,newest,com.landmarkgroup.splashfashions
d43adaad-3795-4229-8645-7937d79e8d93,Dhez Dominguez yusop (Dhez),https://play-lh.googleusercontent.com/a/ACg8ocKZuuOB1bh6MVvPFgyilFnk8gRWLZb--1xJpfvEoetSjdfhcXCF=mo,"Great product and lovable,",5,0,8.59,2024-12-07 03:08:50,Thank you for taking the time to write this review. Your kind words encourage us greatly. Happy shopping!,2024-12-09 01:20:02,8.59,newest,com.landmarkgroup.splashfashions
e967a9d4-419c-49d6-9cbd-75abc149ed46,Salim Parkar,https://play-lh.googleusercontent.com/a/ACg8ocJlpxSLKg0w3RT0cdTWPSaNbXvP9ner84_14dmBZ8kqOpH8jw=mo,superior,5,0,8.59,2024-12-04 22:25:07,Thank you for taking the time to write this review. Your kind words encourage us greatly. Happy shopping!,2024-12-05 18:11:57,8.59,newest,com.landmarkgroup.splashfashions
ae68d0e4-3eaa-4e51-9f8f-6a8034bffac7,WAHEED HEGAZY,https://play-lh.googleusercontent.com/a-/ALV-UjUb2QONB-yU9XidlCNj3jmSzV6y25iTG7R9u_xUJbY3IKAZJo04,Nice,5,0,,2024-11-30 22:02:34,Thanks for the 5-star rating. Hope you continue to enjoy shopping on our app.,2024-12-04 16:55:16,,newest,com.landmarkgroup.splashfashions
6384b632-3255-494f-a27e-de002c7265ae,Sayeed Mohammad,https://play-lh.googleusercontent.com/a/ACg8ocIdZiQV62tmXgoFJbfstbdEegulsASqa-0tar-nf0SdC4ng4g=mo,nice tanxs,5,0,8.59,2024-11-30 18:58:56,Thank you for taking the time to write this review. Your kind words encourage us greatly. Happy shopping!,2024-12-04 16:55:08,8.59,newest,com.landmarkgroup.splashfashions
ee7aa958-900b-4bda-aeff-1a2e4457a7be,HELEMA SULTAN,https://play-lh.googleusercontent.com/a/ACg8ocLTwTGNA7r2uf8C_J2UPDe2JKUUkSGBMMcGqGCmMMFPljfUyw=mo,HELEMA SULUTAN,1,0,8.59,2024-11-28 05:41:18,"Hi, we are sorry for the inconvenience caused. Kindly share your concern at support@SplashFashions.com for further assistance.",2024-11-28 17:51:56,8.59,newest,com.landmarkgroup.splashfashions
83cbe39e-da36-4d52-9544-709140b5d4f9,Hadi Hadi,https://play-lh.googleusercontent.com/a/ACg8ocK-jXkllVN69BHjHTeIf-azuS-Q1fIU787VFrM1LSoTF9GCRQ=mo,Botam,5,0,8.59,2024-11-26 19:51:36,Thanks for the 5-star rating. Hope you continue to enjoy shopping on our app.,2024-11-28 17:51:18,8.59,newest,com.landmarkgroup.splashfashions
8f659d30-d43b-4060-99e6-56ceb74827d5,Shahid Ansari,https://play-lh.googleusercontent.com/a-/ALV-UjX79mnVYbYdXYMUaaZUqWASVhE9uzWEwsOQY8GrqrzlnsFWXRWqYA,thanks for providing good stuff,5,0,8.59,2024-11-19 03:51:43,Thank you for taking the time to write this review. Your kind words encourage us greatly. Happy shopping!,2024-11-21 18:41:29,8.59,newest,com.landmarkgroup.splashfashions
e4e0834d-af9f-46de-b24d-2ab11b552638,Hano Ezaldin,https://play-lh.googleusercontent.com/a/ACg8ocLbb9qQB0lm6Ds5d0vXwdvE8bhhEzDHBJQiehqLOgAESzgnwJs=mo,جط,5,0,,2024-11-18 16:34:48,Thanks for the 5-star rating. Hope you continue to enjoy shopping on our app.,2024-11-21 18:41:20,,newest,com.landmarkgroup.splashfashions
731306ac-6351-4ff3-a9a4-a7f3b64bfb5a,Ehtisham Mughal,https://play-lh.googleusercontent.com/a-/ALV-UjV8kXoODo7mvI7wlYQZxuzX1RIbAFScjVMSaH31nirBzpSMJsyj,It stuck on language selection always,1,0,,2024-11-14 06:54:49,"Hi, we are sorry to hear that. Do share the screenshot of the error page at support@SplashFashions.com to enable us to assist you further.",2024-11-14 14:53:46,,newest,com.landmarkgroup.splashfashions
98eef342-44e3-4e42-86bb-8b383effae62,shsakib 260,https://play-lh.googleusercontent.com/a-/ALV-UjWiwJCM8dN-MN9z2SMLiktJr1cGPYSkIjE3krsFFaVzOxxlminrBg,The best stuff is available here,5,0,8.59,2024-11-13 23:07:13,Thank you for taking the time to write this review. Your kind words encourage us greatly. Happy shopping!,2024-11-14 14:53:22,8.59,newest,com.landmarkgroup.splashfashions
4af15cab-43be-4fce-a7b3-de9f02d69625,Sreelatha Tepal,https://play-lh.googleusercontent.com/a-/ALV-UjVtU1lMhPS_M2d3yQNYxgLQR2z9zEDT_Eaqv49FRuyfS4muZhfqAw,I know 0,5,0,8.59,2024-11-13 20:01:42,"Thank you so much for your encouraging star ratings!
",2024-11-14 14:52:58,8.59,newest,com.landmarkgroup.splashfashions
39ddbb83-1055-47f0-9a60-760498dab808,Mufaddal Hyd,https://play-lh.googleusercontent.com/a/ACg8ocLTBLvI1c01dxmaieW6082ySR6F_xyXqD4q17E0OrqyclcFoQ=mo,excellent,5,0,8.59,2024-11-11 14:56:41,Thanks for the 5-star rating. Hope you continue to enjoy shopping on our app.,2024-11-11 17:42:47,8.59,newest,com.landmarkgroup.splashfashions
2d69960b-92f9-49ca-bff0-57ed2bc7819d,hash adil,https://play-lh.googleusercontent.com/a/ACg8ocL9DHsWMN69QIQVkCkpz6axwtOsEc0IThQIoLcsYXktuDaixRc=mo,Fast Delivery,5,0,8.59,2024-11-07 17:05:48,Thanks for the 5-star rating. Hope you continue to enjoy shopping on our app.,2024-11-08 18:04:10,8.59,newest,com.landmarkgroup.splashfashions
60fd1d2b-2e27-4d54-b2af-1090af217213,Veronica Salvador,https://play-lh.googleusercontent.com/a/ACg8ocJf_e2e1OAUIWg3u-NbYcguiFskApQ4c98JXqh_xkdSb49FzQ=mo,nice easy to buy,5,1,8.59,2024-11-06 11:23:45,Thanks for the 5-star rating. Hope you continue to enjoy shopping on our app.,2024-11-08 18:04:02,8.59,newest,com.landmarkgroup.splashfashions
636f09e3-d5d9-4f8a-8b47-70234b0d9cee,sidheeque karumbil,https://play-lh.googleusercontent.com/a-/ALV-UjW-N8md8dU_ERIxYv4Tz-6jStelgBPX37j2eyfB6L_o9HxSdhXe,Gd app,4,0,,2024-11-03 08:12:55,Thanks so much for sharing your experience with us.,2024-11-03 16:44:20,,newest,com.landmarkgroup.splashfashions
02fb3ae3-b72b-47c1-b12d-0568f4e3f731,Subramanyam Subramanyam,https://play-lh.googleusercontent.com/a/ACg8ocJSA1rtzvTBuLRIBWwUY_sFyEon1BbpCH_TxCf2HVyl3ySvFQ=mo,ஜிஹ் ஆ,2,0,8.49,2024-11-02 13:40:06,,,8.49,newest,com.landmarkgroup.splashfashions
f960a4ee-13da-4ef7-bde9-50ee008026b8,John Popo,https://play-lh.googleusercontent.com/a/ACg8ocI55Ou6ugzfblz5uer7RD3kV0oLelVbqRpaha6sigIZRDLT0Q=mo,In my second order im not happy becuase they give me a dirty tshirt .,2,0,,2024-10-27 17:25:11,"Hi,
Sorry to hear that! We request that you please help us with your order/shipment number at support@SplashFashions.com. We will get back to you at the earliest.",2024-10-29 13:17:55,,newest,com.landmarkgroup.splashfashions
4989247c-498f-4a9b-9020-28be0610fe09,Lar Ke,https://play-lh.googleusercontent.com/a/ACg8ocLj3JTnWlBpJryn32IGw7sLANcenC241LrU1GFxk9uedW1_5Q=mo,They don't have many stock like short etc. Only a few,1,0,,2024-10-19 11:20:36,We are really sorry you feel this way. Please tell us more about your experience at support@SplashFashions.com and we will help you in the best possible manner.,2024-10-21 18:35:53,,newest,com.landmarkgroup.splashfashions
b253d274-513e-4d93-bf91-4a1b64bb6994,Farhan Pavel,https://play-lh.googleusercontent.com/a-/ALV-UjUHLLUXDxMzi58Gn0SXKDvE1tgYCB2rWPvLXWx1IA9E8Zcl7HLB,Good Product,5,0,8.57,2024-10-19 05:18:02,Thank you for taking the time to write this review. Your kind words encourage us greatly. Happy shopping!,2024-10-21 18:35:08,8.57,newest,com.landmarkgroup.splashfashions
0e94c016-d3ab-465e-a131-5920db4c4690,Shihas Shiju,https://play-lh.googleusercontent.com/a-/ALV-UjV49FTHq5d6cqCm41u6_EQBbZyI9jMBj9MncOmgyHuyXYAuBzRb,❤️❤️,5,0,8.57,2024-10-18 13:06:48,"Dear friend, we are really glad that you like our product. Your support and voice are very important to us.",2024-10-21 18:34:07,8.57,newest,com.landmarkgroup.splashfashions
81dab3d7-24fc-4bdd-a287-bca289845a65,Nandhuambadi,https://play-lh.googleusercontent.com/a-/ALV-UjXSDAwdz98_AnYb49C9XXvtUS0a9NCHQjAUON2IcN2wu06mRYk,😏,3,0,8.57,2024-10-18 05:35:09,Hello! Thank you for rating us. Please share your ideas on how we can make the app better at support@SplashFashions.com. Thank you.,2024-10-21 18:33:14,8.57,newest,com.landmarkgroup.splashfashions
65dded0c-6b03-4870-9829-58fc84b6e604,mohamed ramzy,https://play-lh.googleusercontent.com/a/ACg8ocIBZFFtI0g4x9-cJVYxtkNiKbwbdP_--2YKP1VW_v9Gb9f4DQ=mo,My first order sending wrong things 🙃. Better visit shop. Now I need to wait refund 🙄.,2,0,8.57,2024-10-17 22:24:01,We apologize for the disappointment. Please share the order details with us at support@SplashFashions.com. We will get in touch with you and do the needful. Thanks.,2024-10-21 18:32:35,8.57,newest,com.landmarkgroup.splashfashions
30da9304-cb7b-44d5-9f06-49d1024a8a29,Agi Ad,https://play-lh.googleusercontent.com/a/ACg8ocJmYMriNFPDje6zf6Aj7VaJPaxJvmtuzFXFDaAPBcBKAj8OMw=mo,Best clothes,5,0,8.57,2024-10-11 09:57:11,,,8.57,newest,com.landmarkgroup.splashfashions
8bd94145-aaf5-42ab-8629-34341349069d,Irshad Irshad,https://play-lh.googleusercontent.com/a-/ALV-UjX7YUlvMfkYT09rcnJn_OBlpdojWszRJEjBKSkggsl9Sz-_x-x6,The designs of fashion it's extraordinary the quality perfect I have a shirt 10 years it's completely perfect no fade no halls I love splash fashion,5,0,,2024-10-09 20:20:28,,,,newest,com.landmarkgroup.splashfashions
496de11a-2406-48e0-ad8c-03212ed1a146,Renjini V.R,https://play-lh.googleusercontent.com/a/ACg8ocI_J_KOjx93JJ5EhjHMr03xZM8EbQWMDZIzuqxTKh4ZSH6xIQ=mo,I can't open my application,1,0,8.57,2024-10-07 10:53:28,,,8.57,newest,com.landmarkgroup.splashfashions
d3918779-fa03-42f2-bd22-8425685dec15,Ebtehal Melhem,https://play-lh.googleusercontent.com/a-/ALV-UjVeG7VwzeEyk4ZQnIso54bHkyygFsGtXo19FMlZN0B5KdbXl1Sq,لياةؤ و,5,0,,2024-10-04 20:23:43,,,,newest,com.landmarkgroup.splashfashions
22e07279-ad56-4af0-89d9-40afc10b7fa9,Hassan Sami,https://play-lh.googleusercontent.com/a/ACg8ocL2iQdYWwBY4CKNAnzdIvwzomeQWQJZQNBQASb77W9kyDc3OA=mo,عن استلام الطلب من الفرع لاتجد موظفين في خدمتك وعليك الانتظار ، كما ان نظام التسليم يتعطل احيانا,1,0,8.57,2024-10-03 15:00:22,,,8.57,newest,com.landmarkgroup.splashfashions
b6ff7152-c033-459a-8d40-5f2147f46271,Venkateswararao Palusuganti,https://play-lh.googleusercontent.com/a/ACg8ocL3y8ZuYoDoaYISh8gb3CruUUg7sIHE6FhFmnvdjLzXrGES_g=mo,s a1622,4,0,8.25,2024-10-02 15:15:10,,,8.25,newest,com.landmarkgroup.splashfashions
aa4d335d-febf-40a6-9468-eca48af84eba,Murtaza Ashiq,https://play-lh.googleusercontent.com/a-/ALV-UjWA6HvwpTbKYhfOlGpV7v55jgReHMiOf0n0CtSENGJQ2afcDARE,Very bad experience 😕 I purchased 4 items one but after 14 days they not return or replace one item..,1,1,8.57,2024-09-30 20:40:57,,,8.57,newest,com.landmarkgroup.splashfashions
5312376b-7f13-462a-a8b2-0ef203684b57,Tahir Saeed UR Rehman,https://play-lh.googleusercontent.com/a-/ALV-UjXDp5EcIPINIAybC5jfPqZK4f-gMc9nBzYd-zfRCtxEIAGbd3Y,Very Good And Nice Behaviour,4,1,8.57,2024-09-27 19:01:08,,,8.57,newest,com.landmarkgroup.splashfashions
ddd1025a-c90a-44f0-a2bd-31f4c09d4edf,Imran Khan,https://play-lh.googleusercontent.com/a-/ALV-UjX5Yfqg10XD1ltkoZs6svh1bN7a2t_Net9mGc_Mod08IvNmzPI,Everything is good quilty,5,0,,2024-09-27 02:45:45,,,,newest,com.landmarkgroup.splashfashions
6dae4960-8da9-4b6d-9c32-8bb7a7d077e5,Shifa Maaz,https://play-lh.googleusercontent.com/a/ACg8ocL802vs0n8wOPaJ2eNgTWvvHc83VURNp9_o-q4syXDB1FsddA=mo,6039-3412 I m m,5,0,8.57,2024-09-26 00:25:39,,,8.57,newest,com.landmarkgroup.splashfashions
e6a622ce-d3e5-488f-b8b2-79f470c2ee96,TAMIL SELVAN,https://play-lh.googleusercontent.com/a-/ALV-UjXqZqIK7r6wJ6if6T9457HUqZ7mVc5_yyxlNGJZIpa7r-aTRK4,good 👍😊,5,0,8.57,2024-09-23 17:16:25,,,8.57,newest,com.landmarkgroup.splashfashions
917622f2-779e-4498-a1c4-65764cd26acb,Mustafa bagasrawala (husainient),https://play-lh.googleusercontent.com/a/ACg8ocKcrcJS4BTBo_S5gk7dfgq8zeyP2DqL6dbqLx63wqWlkxkRYQ=mo,Mr. Mahammad Asad is very nice guy it's help us to select right product,5,1,8.57,2024-09-20 22:38:27,,,8.57,newest,com.landmarkgroup.splashfashions
76dbab0a-c679-486e-a2e5-83f14ae4d6d1,Ahmad Hasson,https://play-lh.googleusercontent.com/a-/ALV-UjWOUu19lx8EJ7ZucPMaQ2ieOVhLzgpStTfoRGu1Rp_B7Ta3V0BVnQ,I love it product,5,0,8.51,2024-09-11 17:58:31,,,8.51,newest,com.landmarkgroup.splashfashions
03592737-c248-448a-9792-8a62d2100853,abdulhamed Mr abdulhamed,https://play-lh.googleusercontent.com/a/ACg8ocLX2hAx09Zlnodwy8VTD4DW4iG7VHQS_SX0lMHBGYYxCnCQ0Q=mo,The app not working on the right way why no response,1,0,8.51,2024-09-06 17:28:43,,,8.51,newest,com.landmarkgroup.splashfashions
29b068be-acec-4567-a1ea-9297c0b59947,waymen guidat,https://play-lh.googleusercontent.com/a-/ALV-UjUS0EHDAoVNFXmxnLZErDJ1YCDgzv4SKozKn49ao1QIq47qd-c,Shukran,5,0,8.51,2024-08-29 20:19:59,,,8.51,newest,com.landmarkgroup.splashfashions
2bda1543-9140-42e0-8a3f-e2199dbedfc0,ali mohammed,https://play-lh.googleusercontent.com/a/ACg8ocJNCof69sQbgp6x9Djv3bs-vlz7Hn0fYFovkpimSsCnb1YVDA=mo,good aap,5,0,8.45,2024-08-24 00:55:52,,,8.45,newest,com.landmarkgroup.splashfashions
ab83244b-3664-4b7e-9d4e-ddcd50c31dbe,Nadi Nagi,https://play-lh.googleusercontent.com/a-/ALV-UjVMpFsWE68ZW1P7OGWYHRTzs0SNaCZVag6VjGecUP4tC2fP6PFx,Bad customer experience in sharjah branch king faisal,1,0,8.49,2024-08-20 23:13:17,"Dear Customer, We are sorry that you feel this way. Please do share your feedback along with your contact details at support@splashfashions.com and our team will reach out to you at the earliest.",2024-08-22 18:50:55,8.49,newest,com.landmarkgroup.splashfashions
8edad762-2d2c-4fef-b62b-1ad5567bdb6b,Subin “VaVa” Yohannan,https://play-lh.googleusercontent.com/a-/ALV-UjVwAPuRzobCvP0mk9iJjQMsMKLbIWAY0Kvr0tClQfjOLRXnzUs7,Collection's supr,5,0,,2024-08-16 22:41:10,,,,newest,com.landmarkgroup.splashfashions
052268cb-6929-4e18-894b-7dff1e793eee,Rama Ali,https://play-lh.googleusercontent.com/a-/ALV-UjXesEI_H6m7GJ0rFmn4yX-onMkDaIFMfsNppZJ6lY3N-qb43EU,Very Good Online Shopping Application,4,0,8.51,2024-08-16 21:11:47,"Thank you! If you enjoy using the app, please rate us 5 stars. It would encourage us to continue improving the product!",2024-08-17 20:52:17,8.51,newest,com.landmarkgroup.splashfashions
ec14df20-04b7-4af5-bf22-47761bdae59f,Senpai Kiko,https://play-lh.googleusercontent.com/a-/ALV-UjUgzlMeZoqG7EiJcipqJmRxoQFUiJUloMGBaS3Td5tMestwJbU,to much delay,1,0,8.51,2024-08-07 22:59:27,"Hey, thanks for writing a review. Sometimes, the app may be slow but such instances are rare. If it happens too often, please let us know at support@splashfashions.com. We'll have things investigated.",2024-08-10 21:28:31,8.51,newest,com.landmarkgroup.splashfashions
5ba6a79b-e4b8-473d-bd90-cfd33b51f685,Hamid Ali,https://play-lh.googleusercontent.com/a-/ALV-UjVKOi2sxTKI2GJ8f5QRvwc-tUj1OHIiODidsbo31FeK9syqgBTe6Q,बहुत अच्छा है इस प्रकार क्वालिटी एक नंबर का कपड़ा,4,0,8.49,2024-08-05 14:45:29,"Thank you! If you enjoy using the app, please rate us 5 stars. It would encourage us to continue improving the product!",2024-08-06 02:37:30,8.49,newest,com.landmarkgroup.splashfashions
410e4baa-7e11-49c8-b673-a6f5a3179661,lemahmood محمود,https://play-lh.googleusercontent.com/a-/ALV-UjVjhNObw1m6yf2fOXjyuWtddqBZ_L8PJrwlX7VCKPh2_eSTLSWUwQ,"My shukran points are gone. i raised the issue 2 times, but they didn't return the points.",1,0,8.49,2024-08-03 13:49:32,"Hi, we are extremely sorry for the inconvenience. Please provide us with the details of the issue at support@splashfashions.com. We will help you at the earliest.",2024-08-06 02:34:38,8.49,newest,com.landmarkgroup.splashfashions
f8dc346e-42fd-41b1-a3b7-87cf6e33053f,Mahmoud Ashraf,https://play-lh.googleusercontent.com/a-/ALV-UjUPqUShwh0eSqblrqkd6rNY9bqZl6DFui0QbmvYtNCR7WYk0zTm,easy to use,5,0,8.49,2024-07-30 21:16:09,,,8.49,newest,com.landmarkgroup.splashfashions
802e3f73-daa0-46b3-b27c-b9d39a0a688d,Tushar Mahmud,https://play-lh.googleusercontent.com/a-/ALV-UjUGuO7YJ8hEP1K12rF47ZuGBllmDW4Dm27qKMGA08nZ6PPn3ow,❤️,4,0,8.49,2024-07-24 21:35:46,"Thank you! If you enjoy using the app, please rate us 5 stars. It would encourage us to continue improving the product!",2024-07-26 00:11:34,8.49,newest,com.landmarkgroup.splashfashions
2ceb3ae2-4501-4660-b168-f42b11e9e22b,elias naaman,https://play-lh.googleusercontent.com/a-/ALV-UjX3Yvacete_4S--GYIKqef4PyhlJ_lRBuuUb3KwMSQBoq2y5B45Wg,Experiencing the same issues with the app freezing,3,3,8.49,2024-07-22 23:43:12,"Hey, thanks for writing a review. Sometimes, the app may be slow but such instances are rare. If it happens too often, please let us know at support@splashfashions.com. We'll have things investigated.",2024-07-23 00:22:08,8.49,newest,com.landmarkgroup.splashfashions
31bd710d-e587-4655-a63a-a6652aa5c4e6,Maaz Memon,https://play-lh.googleusercontent.com/a-/ALV-UjUP5hbkrez_Rcu9meSPoZq5gU_NkaBUWho1GTYbVgjyTW2Z73jO,"Love the styles, colours and quality. Sustainable products that helps me to contribute to make world a better place. 😇",5,18,8.49,2024-07-22 13:27:27,,,8.49,newest,com.landmarkgroup.splashfashions
5ba429b8-de5f-4ed7-b02c-92220380c029,MOHAMMED AHMED KHAN,https://play-lh.googleusercontent.com/a-/ALV-UjWgUfOz3WJGzhC_mXohCcovFfNXG9KZ2ucEyxqLj9e3b-QdqmDl,Everytime I try to add cloth to cart but it's always loading,1,0,8.49,2024-07-16 09:25:58,"Hi, we are sorry to hear that. Do share the screenshot of the error page at support@splashfashions.com to enable us to assist you further.",2024-07-16 14:09:02,8.49,newest,com.landmarkgroup.splashfashions
32e9f3ab-4b99-4f0b-a368-917ad2d40630,Mohamed Ghali,https://play-lh.googleusercontent.com/a-/ALV-UjWannoGITQDNNDHnLVP22Mgt4zBgS9E8SuZxMXPfWsMJw18rbA,Qatar is not available,1,0,8.49,2024-07-13 18:45:41,We are continuously looking to expand our language support for other regions. Please continue to check back and let our support know in case of any additional questions/issues.,2024-07-13 19:50:01,8.49,newest,com.landmarkgroup.splashfashions
d54803f5-db78-48a2-806a-d637e5ecf85c,Alvin San Pedro,https://play-lh.googleusercontent.com/a-/ALV-UjWPz6a3pyj9Cy0FWYbDJBpDHVXuuJXaCkM06ORzI6-CB-7MHQ1uIQ,loveit,5,0,8.49,2024-07-12 22:20:20,,,8.49,newest,com.landmarkgroup.splashfashions
cce6672c-dd11-45bd-9c6d-685e61db37cc,husein Umar,https://play-lh.googleusercontent.com/a-/ALV-UjXOwYVpiJCZLhx9Z-Xu9NQtttWMUdB6BvQUPPjrDG5pBqis86c,Good online market,5,0,8.49,2024-07-08 21:56:28,,,8.49,newest,com.landmarkgroup.splashfashions
348ab287-e6d7-4e70-814d-f890f261a61e,Saqib Ali,https://play-lh.googleusercontent.com/a-/ALV-UjVdA-4LDXEMDduo2arC4jfy4uPDNHAbxduNvYtvRX6fYGvrtlRl5Q,Outlets are available in Oman but application isn't available for Oman & Qatar now....?,1,1,8.49,2024-07-03 20:42:23,"Dear Customer,
We really appreciate you bringing this to our attention. and take your suggestion into consideration.",2024-07-03 21:33:43,8.49,newest,com.landmarkgroup.splashfashions
9e0d8fd2-7e8c-4bc9-a155-1e2ab2fab421,Mohammad Razi,https://play-lh.googleusercontent.com/a-/ALV-UjW4f51pRToMbMajCZHvHl-h6ylkEvRtAxhJTukmlmnJney0mxeVLg,"This app is the best for online shopping. I suggest that add the one additional option in the app for the items exchange, because sometimes items is not suitable like size, colour etc. Thank you",5,6,8.15,2024-07-02 06:50:32,,,8.15,newest,com.landmarkgroup.splashfashions
4bdc1749-31f3-4874-a3e8-02807b9f06e4,wasim zahoor,https://play-lh.googleusercontent.com/a/ACg8ocI7xvmr26glb5E19Bm0LaJ6LkE4dvodj3fhfQlH7AbT-SILmg=mo,True Products ❤️,5,0,8.49,2024-06-28 23:23:21,,,8.49,newest,com.landmarkgroup.splashfashions
ea0ab8b5-f661-4412-a1dd-46be5f335a83,Atiq Rahman,https://play-lh.googleusercontent.com/a/ACg8ocLy24oTORZurALe-sD9lEbArOouq3Y_W5h5LOeZPvxqdF0eWg=mo,Good service,5,0,8.49,2024-06-23 20:08:22,,,8.49,newest,com.landmarkgroup.splashfashions
3d21a354-08e6-4fd6-927f-53a399b4ecd2,Mohammed Khaffane,https://play-lh.googleusercontent.com/a/ACg8ocJg2Jpd9bSzbjG_JF_SDX0yW4NqMeOki4vfiIqIDMWAPC-3sg=mo,"I do not recommend purchasing online from this store. There is a delay. I have had an order for a week and have not received it yet, even though it says in the application that you will receive the order directly on the second day.",1,8,8.49,2024-06-20 01:00:43,Please accept our sincere apologies. Can you please update the order details here or contact us at support@splashfashions.com so that we can have a look into this right away?,2024-06-21 13:37:36,8.49,newest,com.landmarkgroup.splashfashions
f71da79d-07c0-4e24-9cc2-bae7b5e74148,jovita saldanha,https://play-lh.googleusercontent.com/a-/ALV-UjXqjEF1Bz08u6CoNv1wD6x_mvQA4TV1hpKkqJcMNy8qL48hdcOP,My all time favorite shopping app.. You can get the products at your convenience with one day delivery,5,1,,2024-06-17 04:09:11,,,,newest,com.landmarkgroup.splashfashions
8c3685f0-d26f-44a0-81bd-490b4b6e9d27,Eyad Abuzahra,https://play-lh.googleusercontent.com/a-/ALV-UjX30mQgnjK62CM6LhyLsC_MDqzEwzlZe_cq6ugWk4WmXUcsuuOmxg,Ok,3,0,8.49,2024-06-16 14:52:35,"Dear,
Thank you for the rating us. Kindly let us know what updates or changes you would like to see in our app, in order to give us a 5 Star rating. You could write to us support@splashfashions.com.",2024-06-16 15:09:51,8.49,newest,com.landmarkgroup.splashfashions
d244d1ab-4593-4bad-8eac-e43f7147efaf,Rals Chesnut,https://play-lh.googleusercontent.com/a/ACg8ocKLmlzrVYll_0KCEonBXVIAkKYta09hDLuuV8xlaiKhvrtVnQ=mo,Good,3,0,8.49,2024-06-11 14:37:51,"Hi, we are happy to know that you like our app. Please rate us 5 stars and share detailed feedback at support@splashfashions.com to support our future endeavors.",2024-06-16 15:09:15,8.49,newest,com.landmarkgroup.splashfashions
366aed01-4759-4ceb-9ddc-e32101ed2a00,Brian Monteclaro (Ods-Ods),https://play-lh.googleusercontent.com/a-/ALV-UjX-4r5Mje83MAfdtopq8y3yzfkohpdcFtkdXDp7nEVhjIwmyzI,good quality clothes you'll find,5,2,8.49,2024-06-10 01:57:43,,,8.49,newest,com.landmarkgroup.splashfashions
b2d09437-fe1e-46f0-abd1-bc85b2ab106f,Maria isabel Francisco,https://play-lh.googleusercontent.com/a-/ALV-UjUlJjvRNQotJj6RXUanNBfg1Uk7irIaSOWPAdWDS-VvSa9EWZs,Speed of site can be faster,4,6,8.49,2024-06-07 18:14:29,"Hey, thanks for writing a review. Sometimes, the app may be slow but such instances are rare. If it happens too often, please let us know at support@splashfashions.com. We'll have things investigated.",2024-06-07 23:42:55,8.49,newest,com.landmarkgroup.splashfashions
88dabeb2-eac9-42a3-99bb-ac749295265b,aderounmu opeyemi,https://play-lh.googleusercontent.com/a/ACg8ocLg_pEI9g-xj7DAtiBp3BBkmeBJhPyulXvwxI9PBwzYAohbn7Q=mo,Good Quality,5,0,8.49,2024-06-06 09:37:08,,,8.49,newest,com.landmarkgroup.splashfashions
83416d92-2de2-4d79-b5b6-319af012ba5a,tero kasam,https://play-lh.googleusercontent.com/a/ACg8ocJzABISBWVHqK21_GCf7qp8324TQTDypi1LOPSz86MBfNf_bw=mo,Worst experience 😪 😞 i order medium size but they provide small,1,1,8.49,2024-06-02 20:48:31,"Hi,
Please accept our sincere apology. We are very sorry to know about your experience with us. Please let us know your order number at support@splashfashions.com and we promise to get this resolved quickly.",2024-06-03 12:45:36,8.49,newest,com.landmarkgroup.splashfashions
3aa4b743-b63d-40b1-b662-7f3c1e4406dc,Japheth Misach,https://play-lh.googleusercontent.com/a-/ALV-UjVe9YYVFeb7kEeQreNwNG4iiMPh6jBV4cbs7i-u2fDr5C6OxL83,best for clothing!,5,0,8.45,2024-05-31 03:03:47,,,8.45,newest,com.landmarkgroup.splashfashions
30762030-b5b3-457f-8b27-3e8a27291308,Muhammad Waqas,https://play-lh.googleusercontent.com/a/ACg8ocK_ZnN6aoBNrSU3glW5oTKwZqIRM3AOL60dIzx_dvSbDtUw_Q=mo,good quality items,5,9,8.49,2024-05-30 01:19:26,,,8.49,newest,com.landmarkgroup.splashfashions
97bc7688-6846-43a4-b921-9f2cb9ef3750,Mukesh Bharwani,https://play-lh.googleusercontent.com/a/ACg8ocLuyCD68EGRrw6RO5wi3Cutmnk2SyrmI3jUAi9BGM_Kx4dVSA=mo,"Pathetic experience wrong product delivered, return picked up but no refund initiated, customer support team fooling around, everytime asking to wait 24-48 hours but no result.",1,1,,2024-05-27 17:42:26,We apologize for the disappointment. Please share the order details with us at support@splashfashions.com. We will get in touch with you and do the needful. Thanks.,2024-05-28 01:07:29,,newest,com.landmarkgroup.splashfashions
